Date,Day,C_Temp_max_C,C_Temp_min_C,T1_Temp_max_C,T1_Temp_min_C,T2_Temp_max_C,T2_Temp_min_C,T3_Temp_max_C,T3_Temp_min_C,T4_Temp_max_C,T4_Temp_min_C,T5_Temp_max_C,T5_Temp_min_C,T6_Temp_max_C,T6_Temp_min_C,T7_Temp_max_C,T7_Temp_min_C,T8_Temp_max_C,T8_Temp_min_C,T9_Temp_max_C,T9_Temp_min_C,T10_Temp_max_C,T10_Temp_min_C,T11_Temp_max_C,T11_Temp_min_C,T12_Temp_max_C,T12_Temp_min_C,T13_Temp_max_C,T13_Temp_min_C,T14_Temp_max_C,T14_Temp_min_C,T15_Temp_max_C,T15_Temp_min_C,T16_Temp_max_C,T16_Temp_min_C,T17_Temp_max_C,T17_Temp_min_C,T18_Temp_max_C,T18_Temp_min_C,T19_Temp_max_C,T19_Temp_min_C,T20_Temp_max_C,T20_Temp_min_C,T21_Temp_max_C,T21_Temp_min_C,T22_Temp_max_C,T22_Temp_min_C
2022-09-01,1,27.77777778,17.22222222,27.77777778,17.22222222,27.77777778,17.22222222,27.77777778,17.22222222,27.77777778,17.22222222,27.77777778,17.22222222,27.77777778,17.22222222,27.77777778,17.22222222,27.77777778,17.22222222,27.77777778,17.22222222,27.77777778,17.22222222,27.77777778,17.22222222,27.77777778,17.22222222,27.77777778,17.22222222,27.77777778,17.22222222,27.77777778,17.22222222,27.77777778,17.22222222,27.77777778,17.22222222,27.77777778,17.22222222,27.77777778,17.22222222,27.77777778,17.22222222,27.77777778,17.22222222,27.77777778,17.22222222
2022-09-02,2,30,11.66666667,30,11.66666667,30,11.66666667,30,11.66666667,30,11.66666667,30,11.66666667,30,11.66666667,30,11.66666667,30,11.66666667,30,11.66666667,30,11.66666667,30,11.66666667,30,11.66666667,30,11.66666667,30,11.66666667,30,11.66666667,30,11.66666667,30,11.66666667,30,11.66666667,30,11.66666667,30,11.66666667,30,11.66666667,30,11.66666667
2022-09-03,3,27.77777778,13.88888889,27.77777778,13.88888889,27.77777778,13.88888889,27.77777778,13.88888889,27.77777778,13.88888889,27.77777778,13.88888889,27.77777778,13.88888889,27.77777778,13.88888889,27.77777778,13.88888889,27.77777778,13.88888889,27.77777778,13.88888889,27.77777778,13.88888889,27.77777778,13.88888889,27.77777778,13.88888889,27.77777778,13.88888889,27.77777778,13.88888889,27.77777778,13.88888889,27.77777778,13.88888889,27.77777778,13.88888889,27.77777778,13.88888889,27.77777778,13.88888889,27.77777778,13.88888889,27.77777778,13.88888889
2022-09-04,4,30,17.77777778,30,17.77777778,30,17.77777778,30,17.77777778,30,17.77777778,30,17.77777778,30,17.77777778,30,17.77777778,30,17.77777778,30,17.77777778,30,17.77777778,30,17.77777778,30,17.77777778,30,17.77777778,30,17.77777778,30,17.77777778,30,17.77777778,30,17.77777778,30,17.77777778,30,17.77777778,30,17.77777778,30,17.77777778,30,17.77777778
2022-09-05,5,32.22222222,18.88888889,32.22222222,18.88888889,32.22222222,18.88888889,32.22222222,18.88888889,32.22222222,18.88888889,32.22222222,18.88888889,32.22222222,18.88888889,32.22222222,18.88888889,32.22222222,18.88888889,32.22222222,18.88888889,32.22222222,18.88888889,32.22222222,18.88888889,32.22222222,18.88888889,32.22222222,18.88888889,32.22222222,18.88888889,32.22222222,18.88888889,32.22222222,18.88888889,32.22222222,18.88888889,32.22222222,18.88888889,32.22222222,18.88888889,32.22222222,18.88888889,32.22222222,18.88888889,32.22222222,18.88888889
2022-09-06,6,27.22222222,20,27.22222222,20,27.22222222,20,27.22222222,20,27.22222222,20,27.22222222,20,27.22222222,20,27.22222222,20,27.22222222,20,27.22222222,20,27.22222222,20,27.22222222,20,27.22222222,20,27.22222222,20,27.22222222,20,27.22222222,20,27.22222222,20,27.22222222,20,27.22222222,20,27.22222222,20,27.22222222,20,27.22222222,20,27.22222222,20
2022-09-07,7,25,18.33333333,25,18.33333333,25,18.33333333,25,18.33333333,25,18.33333333,25,18.33333333,25,18.33333333,25,18.33333333,25,18.33333333,25,18.33333333,25,18.33333333,25,18.33333333,25,18.33333333,25,18.33333333,25,18.33333333,25,18.33333333,25,18.33333333,25,18.33333333,25,18.33333333,25,18.33333333,25,18.33333333,25,18.33333333,25,18.33333333
2022-09-08,8,19.44444444,15,19.44444444,15,19.44444444,15,19.44444444,15,19.44444444,15,19.44444444,15,19.44444444,15,19.44444444,15,19.44444444,15,19.44444444,15,19.44444444,15,19.44444444,15,19.44444444,15,19.44444444,15,19.44444444,15,19.44444444,15,19.44444444,15,19.44444444,15,19.44444444,15,19.44444444,15,19.44444444,15,19.44444444,15,19.44444444,15
2022-09-09,9,26.66666667,12.77777778,26.66666667,12.77777778,26.66666667,12.77777778,26.66666667,12.77777778,26.66666667,12.77777778,26.66666667,12.77777778,26.66666667,12.77777778,26.66666667,12.77777778,26.66666667,12.77777778,26.66666667,12.77777778,26.66666667,12.77777778,26.66666667,12.77777778,26.66666667,12.77777778,26.66666667,12.77777778,26.66666667,12.77777778,26.66666667,12.77777778,26.66666667,12.77777778,26.66666667,12.77777778,26.66666667,12.77777778,26.66666667,12.77777778,26.66666667,12.77777778,26.66666667,12.77777778,26.66666667,12.77777778
2022-09-10,10,27.77777778,11.66666667,27.77777778,11.66666667,27.77777778,11.66666667,27.77777778,11.66666667,27.77777778,11.66666667,27.77777778,11.66666667,27.77777778,11.66666667,27.77777778,11.66666667,27.77777778,11.66666667,27.77777778,11.66666667,27.77777778,11.66666667,27.77777778,11.66666667,27.77777778,11.66666667,27.77777778,11.66666667,27.77777778,11.66666667,27.77777778,11.66666667,27.77777778,11.66666667,27.77777778,11.66666667,27.77777778,11.66666667,27.77777778,11.66666667,27.77777778,11.66666667,27.77777778,11.66666667,27.77777778,11.66666667
2022-09-11,11,27.22222222,14.44444444,27.22222222,14.44444444,27.22222222,14.44444444,27.22222222,14.44444444,27.22222222,14.44444444,27.22222222,14.44444444,27.22222222,14.44444444,27.22222222,14.44444444,27.22222222,14.44444444,27.22222222,14.44444444,27.22222222,14.44444444,27.22222222,14.44444444,27.22222222,14.44444444,27.22222222,14.44444444,27.22222222,14.44444444,27.22222222,14.44444444,27.22222222,14.44444444,27.22222222,14.44444444,27.22222222,14.44444444,27.22222222,14.44444444,27.22222222,14.44444444,27.22222222,14.44444444,27.22222222,14.44444444
2022-09-12,12,19.44444444,17.77777778,19.44444444,17.77777778,19.44444444,17.77777778,19.44444444,17.77777778,19.44444444,17.77777778,19.44444444,17.77777778,19.44444444,17.77777778,19.44444444,17.77777778,19.44444444,17.77777778,19.44444444,17.77777778,19.44444444,17.77777778,19.44444444,17.77777778,19.44444444,17.77777778,19.44444444,17.77777778,19.44444444,17.77777778,19.44444444,17.77777778,19.44444444,17.77777778,19.44444444,17.77777778,19.44444444,17.77777778,19.44444444,17.77777778,19.44444444,17.77777778,19.44444444,17.77777778,19.44444444,17.77777778
2022-09-13,13,27.22222222,18.33333333,27.22222222,18.33333333,27.22222222,18.33333333,27.22222222,18.33333333,27.22222222,18.33333333,27.22222222,18.33333333,27.22222222,18.33333333,27.22222222,18.33333333,27.22222222,18.33333333,27.22222222,18.33333333,27.22222222,18.33333333,27.22222222,18.33333333,27.22222222,18.33333333,27.22222222,18.33333333,27.22222222,18.33333333,27.22222222,18.33333333,27.22222222,18.33333333,27.22222222,18.33333333,27.22222222,18.33333333,27.22222222,18.33333333,27.22222222,18.33333333,27.22222222,18.33333333,27.22222222,18.33333333
2022-09-14,14,25.55555556,12.77777778,25.55555556,12.77777778,25.55555556,12.77777778,25.55555556,12.77777778,25.55555556,12.77777778,25.55555556,12.77777778,25.55555556,12.77777778,25.55555556,12.77777778,25.55555556,12.77777778,25.55555556,12.77777778,25.55555556,12.77777778,25.55555556,12.77777778,25.55555556,12.77777778,25.55555556,12.77777778,25.55555556,12.77777778,25.55555556,12.77777778,25.55555556,12.77777778,25.55555556,12.77777778,25.55555556,12.77777778,25.55555556,12.77777778,25.55555556,12.77777778,25.55555556,12.77777778,25.55555556,12.77777778
2022-09-15,15,25,14.44444444,25,14.44444444,25,14.44444444,25,14.44444444,25,14.44444444,25,14.44444444,25,14.44444444,25,14.44444444,25,14.44444444,25,14.44444444,25,14.44444444,25,14.44444444,25,14.44444444,25,14.44444444,25,14.44444444,25,14.44444444,25,14.44444444,25,14.44444444,25,14.44444444,25,14.44444444,25,14.44444444,25,14.44444444,25,14.44444444
2022-09-16,16,22.77777778,7.777777778,22.77777778,7.777777778,22.77777778,7.777777778,22.77777778,7.777777778,22.77777778,7.777777778,22.77777778,7.777777778,22.77777778,7.777777778,22.77777778,7.777777778,22.77777778,7.777777778,22.77777778,7.777777778,22.77777778,7.777777778,22.77777778,7.777777778,22.77777778,7.777777778,22.77777778,7.777777778,22.77777778,7.777777778,22.77777778,7.777777778,22.77777778,7.777777778,22.77777778,7.777777778,22.77777778,7.777777778,22.77777778,7.777777778,22.77777778,7.777777778,22.77777778,7.777777778,22.77777778,7.777777778
2022-09-17,17,26.66666667,8.888888889,26.66666667,8.888888889,26.66666667,8.888888889,26.66666667,8.888888889,26.66666667,8.888888889,26.66666667,8.888888889,26.66666667,8.888888889,26.66666667,8.888888889,26.66666667,8.888888889,26.66666667,8.888888889,26.66666667,8.888888889,26.66666667,8.888888889,26.66666667,8.888888889,26.66666667,8.888888889,26.66666667,8.888888889,26.66666667,8.888888889,26.66666667,8.888888889,26.66666667,8.888888889,26.66666667,8.888888889,26.66666667,8.888888889,26.66666667,8.888888889,26.66666667,8.888888889,26.66666667,8.888888889
2022-09-18,18,28.33333333,15,28.33333333,15,28.33333333,15,28.33333333,15,28.33333333,15,28.33333333,15,28.33333333,15,28.33333333,15,28.33333333,15,28.33333333,15,28.33333333,15,28.33333333,15,28.33333333,15,28.33333333,15,28.33333333,15,28.33333333,15,28.33333333,15,28.33333333,15,28.33333333,15,28.33333333,15,28.33333333,15,28.33333333,15,28.33333333,15
2022-09-19,19,28.33333333,8.888888889,28.33333333,8.888888889,28.33333333,8.888888889,28.33333333,8.888888889,28.33333333,8.888888889,28.33333333,8.888888889,28.33333333,8.888888889,28.33333333,8.888888889,28.33333333,8.888888889,28.33333333,8.888888889,28.33333333,8.888888889,28.33333333,8.888888889,28.33333333,8.888888889,28.33333333,8.888888889,28.33333333,8.888888889,28.33333333,8.888888889,28.33333333,8.888888889,28.33333333,8.888888889,28.33333333,8.888888889,28.33333333,8.888888889,28.33333333,8.888888889,28.33333333,8.888888889,28.33333333,8.888888889
2022-09-20,20,27.77777778,15.55555556,27.77777778,15.55555556,27.77777778,15.55555556,27.77777778,15.55555556,27.77777778,15.55555556,27.77777778,15.55555556,27.77777778,15.55555556,27.77777778,15.55555556,27.77777778,15.55555556,27.77777778,15.55555556,27.77777778,15.55555556,27.77777778,15.55555556,27.77777778,15.55555556,27.77777778,15.55555556,27.77777778,15.55555556,27.77777778,15.55555556,27.77777778,15.55555556,27.77777778,15.55555556,27.77777778,15.55555556,27.77777778,15.55555556,27.77777778,15.55555556,27.77777778,15.55555556,27.77777778,15.55555556
2022-09-21,21,25.55555556,11.11111111,25.55555556,11.11111111,25.55555556,11.11111111,25.55555556,11.11111111,25.55555556,11.11111111,25.55555556,11.11111111,25.55555556,11.11111111,25.55555556,11.11111111,25.55555556,11.11111111,25.55555556,11.11111111,25.55555556,11.11111111,25.55555556,11.11111111,25.55555556,11.11111111,25.55555556,11.11111111,25.55555556,11.11111111,25.55555556,11.11111111,25.55555556,11.11111111,25.55555556,11.11111111,25.55555556,11.11111111,25.55555556,11.11111111,25.55555556,11.11111111,25.55555556,11.11111111,25.55555556,11.11111111
2022-09-22,22,27.22222222,12.22222222,27.22222222,12.22222222,27.22222222,12.22222222,27.22222222,12.22222222,27.22222222,12.22222222,27.22222222,12.22222222,27.22222222,12.22222222,27.22222222,12.22222222,27.22222222,12.22222222,27.22222222,12.22222222,27.22222222,12.22222222,27.22222222,12.22222222,27.22222222,12.22222222,27.22222222,12.22222222,27.22222222,12.22222222,27.22222222,12.22222222,27.22222222,12.22222222,27.22222222,12.22222222,27.22222222,12.22222222,27.22222222,12.22222222,27.22222222,12.22222222,27.22222222,12.22222222,27.22222222,12.22222222
2022-09-23,23,20.55555556,8.333333333,20.55555556,8.333333333,20.55555556,8.333333333,20.55555556,8.333333333,20.55555556,8.333333333,20.55555556,8.333333333,20.55555556,8.333333333,20.55555556,8.333333333,20.55555556,8.333333333,20.55555556,8.333333333,20.55555556,8.333333333,20.55555556,8.333333333,20.55555556,8.333333333,20.55555556,8.333333333,20.55555556,8.333333333,20.55555556,8.333333333,20.55555556,8.333333333,20.55555556,8.333333333,20.55555556,8.333333333,20.55555556,8.333333333,20.55555556,8.333333333,20.55555556,8.333333333,20.55555556,8.333333333
2022-09-24,24,17.22222222,6.666666667,17.22222222,6.666666667,17.22222222,6.666666667,17.22222222,6.666666667,17.22222222,6.666666667,17.22222222,6.666666667,17.22222222,6.666666667,17.22222222,6.666666667,17.22222222,6.666666667,17.22222222,6.666666667,17.22222222,6.666666667,17.22222222,6.666666667,17.22222222,6.666666667,17.22222222,6.666666667,17.22222222,6.666666667,17.22222222,6.666666667,17.22222222,6.666666667,17.22222222,6.666666667,17.22222222,6.666666667,17.22222222,6.666666667,17.22222222,6.666666667,17.22222222,6.666666667,17.22222222,6.666666667
2022-09-25,25,20,8.888888889,20,8.888888889,20,8.888888889,20,8.888888889,20,8.888888889,20,8.888888889,20,8.888888889,20,8.888888889,20,8.888888889,20,8.888888889,20,8.888888889,20,8.888888889,20,8.888888889,20,8.888888889,20,8.888888889,20,8.888888889,20,8.888888889,20,8.888888889,20,8.888888889,20,8.888888889,20,8.888888889,20,8.888888889,20,8.888888889
2022-09-26,26,17.77777778,8.888888889,17.77777778,8.888888889,17.77777778,8.888888889,17.77777778,8.888888889,17.77777778,8.888888889,17.77777778,8.888888889,17.77777778,8.888888889,17.77777778,8.888888889,17.77777778,8.888888889,17.77777778,8.888888889,17.77777778,8.888888889,17.77777778,8.888888889,17.77777778,8.888888889,17.77777778,8.888888889,17.77777778,8.888888889,17.77777778,8.888888889,17.77777778,8.888888889,17.77777778,8.888888889,17.77777778,8.888888889,17.77777778,8.888888889,17.77777778,8.888888889,17.77777778,8.888888889,17.77777778,8.888888889
2022-09-27,27,21.66666667,7.222222222,21.66666667,7.222222222,21.66666667,7.222222222,21.66666667,7.222222222,21.66666667,7.222222222,21.66666667,7.222222222,21.66666667,7.222222222,21.66666667,7.222222222,21.66666667,7.222222222,21.66666667,7.222222222,21.66666667,7.222222222,21.66666667,7.222222222,21.66666667,7.222222222,21.66666667,7.222222222,21.66666667,7.222222222,21.66666667,7.222222222,21.66666667,7.222222222,21.66666667,7.222222222,21.66666667,7.222222222,21.66666667,7.222222222,21.66666667,7.222222222,21.66666667,7.222222222,21.66666667,7.222222222
2022-09-28,28,19.44444444,6.111111111,19.44444444,6.111111111,19.44444444,6.111111111,19.44444444,6.111111111,19.44444444,6.111111111,19.44444444,6.111111111,19.44444444,6.111111111,19.44444444,6.111111111,19.44444444,6.111111111,19.44444444,6.111111111,19.44444444,6.111111111,19.44444444,6.111111111,19.44444444,6.111111111,19.44444444,6.111111111,19.44444444,6.111111111,19.44444444,6.111111111,19.44444444,6.111111111,19.44444444,6.111111111,19.44444444,6.111111111,19.44444444,6.111111111,19.44444444,6.111111111,19.44444444,6.111111111,19.44444444,6.111111111
2022-09-29,29,19.44444444,7.777777778,19.44444444,7.777777778,19.44444444,7.777777778,19.44444444,7.777777778,19.44444444,7.777777778,19.44444444,7.777777778,19.44444444,7.777777778,19.44444444,7.777777778,19.44444444,7.777777778,19.44444444,7.777777778,19.44444444,7.777777778,19.44444444,7.777777778,19.44444444,7.777777778,19.44444444,7.777777778,19.44444444,7.777777778,19.44444444,7.777777778,19.44444444,7.777777778,19.44444444,7.777777778,19.44444444,7.777777778,19.44444444,7.777777778,19.44444444,7.777777778,19.44444444,7.777777778,19.44444444,7.777777778
2022-09-30,30,18.33333333,6.111111111,18.33333333,6.111111111,18.33333333,6.111111111,18.33333333,6.111111111,18.33333333,6.111111111,18.33333333,6.111111111,18.33333333,6.111111111,18.33333333,6.111111111,18.33333333,6.111111111,18.33333333,6.111111111,18.33333333,6.111111111,18.33333333,6.111111111,18.33333333,6.111111111,18.33333333,6.111111111,18.33333333,6.111111111,18.33333333,6.111111111,18.33333333,6.111111111,18.33333333,6.111111111,18.33333333,6.111111111,18.33333333,6.111111111,18.33333333,6.111111111,18.33333333,6.111111111,18.33333333,6.111111111
2022-10-01,31,15,7.777777778,15,7.777777778,15,7.777777778,15,7.777777778,15,7.777777778,15,7.777777778,15,7.777777778,15,7.777777778,15,7.777777778,15,7.777777778,15,7.777777778,15,7.777777778,15,7.777777778,15,7.777777778,15,7.777777778,15,7.777777778,15,7.777777778,15,7.777777778,15,7.777777778,15,7.777777778,15,7.777777778,15,7.777777778,15,7.777777778
2022-10-02,32,14.44444444,10,14.44444444,10,14.44444444,10,14.44444444,10,14.44444444,10,14.44444444,10,14.44444444,10,14.44444444,10,14.44444444,10,14.44444444,10,14.44444444,10,14.44444444,10,14.44444444,10,14.44444444,10,14.44444444,10,14.44444444,10,14.44444444,10,14.44444444,10,14.44444444,10,14.44444444,10,14.44444444,10,14.44444444,10,14.44444444,10
2022-10-03,33,12.77777778,6.666666667,12.77777778,6.666666667,12.77777778,6.666666667,12.77777778,6.666666667,12.77777778,6.666666667,12.77777778,6.666666667,12.77777778,6.666666667,12.77777778,6.666666667,12.77777778,6.666666667,12.77777778,6.666666667,12.77777778,6.666666667,12.77777778,6.666666667,12.77777778,6.666666667,12.77777778,6.666666667,12.77777778,6.666666667,12.77777778,6.666666667,12.77777778,6.666666667,12.77777778,6.666666667,12.77777778,6.666666667,12.77777778,6.666666667,12.77777778,6.666666667,12.77777778,6.666666667,12.77777778,6.666666667
2022-10-04,34,10,6.666666667,10,6.666666667,10,6.666666667,10,6.666666667,10,6.666666667,10,6.666666667,10,6.666666667,10,6.666666667,10,6.666666667,10,6.666666667,10,6.666666667,10,6.666666667,10,6.666666667,10,6.666666667,10,6.666666667,10,6.666666667,10,6.666666667,10,6.666666667,10,6.666666667,10,6.666666667,10,6.666666667,10,6.666666667,10,6.666666667
2022-10-05,35,11.11111111,6.666666667,11.11111111,6.666666667,11.11111111,6.666666667,11.11111111,6.666666667,11.11111111,6.666666667,11.11111111,6.666666667,11.11111111,6.666666667,11.11111111,6.666666667,11.11111111,6.666666667,11.11111111,6.666666667,11.11111111,6.666666667,11.11111111,6.666666667,11.11111111,6.666666667,11.11111111,6.666666667,11.11111111,6.666666667,11.11111111,6.666666667,11.11111111,6.666666667,11.11111111,6.666666667,11.11111111,6.666666667,11.11111111,6.666666667,11.11111111,6.666666667,11.11111111,6.666666667,11.11111111,6.666666667
2022-10-06,36,16.66666667,6.111111111,16.66666667,6.111111111,16.66666667,6.111111111,16.66666667,6.111111111,16.66666667,6.111111111,16.66666667,6.111111111,16.66666667,6.111111111,16.66666667,6.111111111,16.66666667,6.111111111,16.66666667,6.111111111,16.66666667,6.111111111,16.66666667,6.111111111,16.66666667,6.111111111,16.66666667,6.111111111,16.66666667,6.111111111,16.66666667,6.111111111,16.66666667,6.111111111,16.66666667,6.111111111,16.66666667,6.111111111,16.66666667,6.111111111,16.66666667,6.111111111,16.66666667,6.111111111,16.66666667,6.111111111
2022-10-07,37,23.88888889,7.222222222,23.88888889,7.222222222,23.88888889,7.222222222,23.88888889,7.222222222,23.88888889,7.222222222,23.88888889,7.222222222,23.88888889,7.222222222,23.88888889,7.222222222,23.88888889,7.222222222,23.88888889,7.222222222,23.88888889,7.222222222,23.88888889,7.222222222,23.88888889,7.222222222,23.88888889,7.222222222,23.88888889,7.222222222,23.88888889,7.222222222,23.88888889,7.222222222,23.88888889,7.222222222,23.88888889,7.222222222,23.88888889,7.222222222,23.88888889,7.222222222,23.88888889,7.222222222,23.88888889,7.222222222
2022-10-08,38,22.22222222,4.444444444,22.22222222,4.444444444,22.22222222,4.444444444,22.22222222,4.444444444,22.22222222,4.444444444,22.22222222,4.444444444,22.22222222,4.444444444,22.22222222,4.444444444,22.22222222,4.444444444,22.22222222,4.444444444,22.22222222,4.444444444,22.22222222,4.444444444,22.22222222,4.444444444,22.22222222,4.444444444,22.22222222,4.444444444,22.22222222,4.444444444,22.22222222,4.444444444,22.22222222,4.444444444,22.22222222,4.444444444,22.22222222,4.444444444,22.22222222,4.444444444,22.22222222,4.444444444,22.22222222,4.444444444
2022-10-09,39,13.33333333,1.111111111,13.33333333,1.111111111,13.33333333,1.111111111,13.33333333,1.111111111,13.33333333,1.111111111,13.33333333,1.111111111,13.33333333,1.111111111,13.33333333,1.111111111,13.33333333,1.111111111,13.33333333,1.111111111,13.33333333,1.111111111,13.33333333,1.111111111,13.33333333,1.111111111,13.33333333,1.111111111,13.33333333,1.111111111,13.33333333,1.111111111,13.33333333,1.111111111,13.33333333,1.111111111,13.33333333,1.111111111,13.33333333,1.111111111,13.33333333,1.111111111,13.33333333,1.111111111,13.33333333,1.111111111
2022-10-10,40,15.55555556,1.111111111,15.55555556,1.111111111,15.55555556,1.111111111,15.55555556,1.111111111,15.55555556,1.111111111,15.55555556,1.111111111,15.55555556,1.111111111,15.55555556,1.111111111,15.55555556,1.111111111,15.55555556,1.111111111,15.55555556,1.111111111,15.55555556,1.111111111,15.55555556,1.111111111,15.55555556,1.111111111,15.55555556,1.111111111,15.55555556,1.111111111,15.55555556,1.111111111,15.55555556,1.111111111,15.55555556,1.111111111,15.55555556,1.111111111,15.55555556,1.111111111,15.55555556,1.111111111,15.55555556,1.111111111
2022-10-11,41,19.44444444,3.333333333,19.44444444,3.333333333,19.44444444,3.333333333,19.44444444,3.333333333,19.44444444,3.333333333,19.44444444,3.333333333,19.44444444,3.333333333,19.44444444,3.333333333,19.44444444,3.333333333,19.44444444,3.333333333,19.44444444,3.333333333,19.44444444,3.333333333,19.44444444,3.333333333,19.44444444,3.333333333,19.44444444,3.333333333,19.44444444,3.333333333,19.44444444,3.333333333,19.44444444,3.333333333,19.44444444,3.333333333,19.44444444,3.333333333,19.44444444,3.333333333,19.44444444,3.333333333,19.44444444,3.333333333
2022-10-12,42,21.66666667,3.333333333,21.66666667,3.333333333,21.66666667,3.333333333,21.66666667,3.333333333,21.66666667,3.333333333,21.66666667,3.333333333,21.66666667,3.333333333,21.66666667,3.333333333,21.66666667,3.333333333,21.66666667,3.333333333,21.66666667,3.333333333,21.66666667,3.333333333,21.66666667,3.333333333,21.66666667,3.333333333,21.66666667,3.333333333,21.66666667,3.333333333,21.66666667,3.333333333,21.66666667,3.333333333,21.66666667,3.333333333,21.66666667,3.333333333,21.66666667,3.333333333,21.66666667,3.333333333,21.66666667,3.333333333
2022-10-13,43,20.55555556,3.333333333,20.55555556,3.333333333,20.55555556,3.333333333,20.55555556,3.333333333,20.55555556,3.333333333,20.55555556,3.333333333,20.55555556,3.333333333,20.55555556,3.333333333,20.55555556,3.333333333,20.55555556,3.333333333,20.55555556,3.333333333,20.55555556,3.333333333,20.55555556,3.333333333,20.55555556,3.333333333,20.55555556,3.333333333,20.55555556,3.333333333,20.55555556,3.333333333,20.55555556,3.333333333,20.55555556,3.333333333,20.55555556,3.333333333,20.55555556,3.333333333,20.55555556,3.333333333,20.55555556,3.333333333
2022-10-14,44,17.77777778,9.444444444,17.77777778,9.444444444,17.77777778,9.444444444,17.77777778,9.444444444,17.77777778,9.444444444,17.77777778,9.444444444,17.77777778,9.444444444,17.77777778,9.444444444,17.77777778,9.444444444,17.77777778,9.444444444,17.77777778,9.444444444,17.77777778,9.444444444,17.77777778,9.444444444,17.77777778,9.444444444,17.77777778,9.444444444,17.77777778,9.444444444,17.77777778,9.444444444,17.77777778,9.444444444,17.77777778,9.444444444,17.77777778,9.444444444,17.77777778,9.444444444,17.77777778,9.444444444,17.77777778,9.444444444
2022-10-15,45,18.88888889,2.222222222,18.88888889,2.222222222,18.88888889,2.222222222,18.88888889,2.222222222,18.88888889,2.222222222,18.88888889,2.222222222,18.88888889,2.222222222,18.88888889,2.222222222,18.88888889,2.222222222,18.88888889,2.222222222,18.88888889,2.222222222,18.88888889,2.222222222,18.88888889,2.222222222,18.88888889,2.222222222,18.88888889,2.222222222,18.88888889,2.222222222,18.88888889,2.222222222,18.88888889,2.222222222,18.88888889,2.222222222,18.88888889,2.222222222,18.88888889,2.222222222,18.88888889,2.222222222,18.88888889,2.222222222
2022-10-16,46,21.66666667,4.444444444,21.66666667,4.444444444,21.66666667,4.444444444,21.66666667,4.444444444,21.66666667,4.444444444,21.66666667,4.444444444,21.66666667,4.444444444,21.66666667,4.444444444,21.66666667,4.444444444,21.66666667,4.444444444,21.66666667,4.444444444,21.66666667,4.444444444,21.66666667,4.444444444,21.66666667,4.444444444,21.66666667,4.444444444,21.66666667,4.444444444,21.66666667,4.444444444,21.66666667,4.444444444,21.66666667,4.444444444,21.66666667,4.444444444,21.66666667,4.444444444,21.66666667,4.444444444,21.66666667,4.444444444
2022-10-17,47,18.88888889,6.111111111,18.88888889,6.111111111,18.88888889,6.111111111,18.88888889,6.111111111,18.88888889,6.111111111,18.88888889,6.111111111,18.88888889,6.111111111,18.88888889,6.111111111,18.88888889,6.111111111,18.88888889,6.111111111,18.88888889,6.111111111,18.88888889,6.111111111,18.88888889,6.111111111,18.88888889,6.111111111,18.88888889,6.111111111,18.88888889,6.111111111,18.88888889,6.111111111,18.88888889,6.111111111,18.88888889,6.111111111,18.88888889,6.111111111,18.88888889,6.111111111,18.88888889,6.111111111,18.88888889,6.111111111
2022-10-18,48,16.11111111,0,16.11111111,0,16.11111111,0,16.11111111,0,16.11111111,0,16.11111111,0,16.11111111,0,16.11111111,0,16.11111111,0,16.11111111,0,16.11111111,0,16.11111111,0,16.11111111,0,16.11111111,0,16.11111111,0,16.11111111,0,16.11111111,0,16.11111111,0,16.11111111,0,16.11111111,0,16.11111111,0,16.11111111,0,16.11111111,0
2022-10-19,49,11.11111111,-1.111111111,11.11111111,-1.111111111,11.11111111,-1.111111111,11.11111111,-1.111111111,11.11111111,-1.111111111,11.11111111,-1.111111111,11.11111111,-1.111111111,11.11111111,-1.111111111,11.11111111,-1.111111111,11.11111111,-1.111111111,11.11111111,-1.111111111,11.11111111,-1.111111111,11.11111111,-1.111111111,11.11111111,-1.111111111,11.11111111,-1.111111111,11.11111111,-1.111111111,11.11111111,-1.111111111,11.11111111,-1.111111111,11.11111111,-1.111111111,11.11111111,-1.111111111,11.11111111,-1.111111111,11.11111111,-1.111111111,11.11111111,-1.111111111
2022-10-20,50,10,-1.111111111,10,-1.111111111,10,-1.111111111,10,-1.111111111,10,-1.111111111,10,-1.111111111,10,-1.111111111,10,-1.111111111,10,-1.111111111,10,-1.111111111,10,-1.111111111,10,-1.111111111,10,-1.111111111,10,-1.111111111,10,-1.111111111,10,-1.111111111,10,-1.111111111,10,-1.111111111,10,-1.111111111,10,-1.111111111,10,-1.111111111,10,-1.111111111,10,-1.111111111
2022-10-21,51,14.44444444,-1.666666667,14.44444444,-1.666666667,14.44444444,-1.666666667,14.44444444,-1.666666667,14.44444444,-1.666666667,14.44444444,-1.666666667,14.44444444,-1.666666667,14.44444444,-1.666666667,14.44444444,-1.666666667,14.44444444,-1.666666667,14.44444444,-1.666666667,14.44444444,-1.666666667,14.44444444,-1.666666667,14.44444444,-1.666666667,14.44444444,-1.666666667,14.44444444,-1.666666667,14.44444444,-1.666666667,14.44444444,-1.666666667,14.44444444,-1.666666667,14.44444444,-1.666666667,14.44444444,-1.666666667,14.44444444,-1.666666667,14.44444444,-1.666666667
2022-10-22,52,16.66666667,-1.666666667,16.66666667,-1.666666667,16.66666667,-1.666666667,16.66666667,-1.666666667,16.66666667,-1.666666667,16.66666667,-1.666666667,16.66666667,-1.666666667,16.66666667,-1.666666667,16.66666667,-1.666666667,16.66666667,-1.666666667,16.66666667,-1.666666667,16.66666667,-1.666666667,16.66666667,-1.666666667,16.66666667,-1.666666667,16.66666667,-1.666666667,16.66666667,-1.666666667,16.66666667,-1.666666667,16.66666667,-1.666666667,16.66666667,-1.666666667,16.66666667,-1.666666667,16.66666667,-1.666666667,16.66666667,-1.666666667,16.66666667,-1.666666667
2022-10-23,53,20.55555556,1.111111111,20.55555556,1.111111111,20.55555556,1.111111111,20.55555556,1.111111111,20.55555556,1.111111111,20.55555556,1.111111111,20.55555556,1.111111111,20.55555556,1.111111111,20.55555556,1.111111111,20.55555556,1.111111111,20.55555556,1.111111111,20.55555556,1.111111111,20.55555556,1.111111111,20.55555556,1.111111111,20.55555556,1.111111111,20.55555556,1.111111111,20.55555556,1.111111111,20.55555556,1.111111111,20.55555556,1.111111111,20.55555556,1.111111111,20.55555556,1.111111111,20.55555556,1.111111111,20.55555556,1.111111111
2022-10-24,54,16.11111111,6.666666667,16.11111111,6.666666667,16.11111111,6.666666667,16.11111111,6.666666667,16.11111111,6.666666667,16.11111111,6.666666667,16.11111111,6.666666667,16.11111111,6.666666667,16.11111111,6.666666667,16.11111111,6.666666667,16.11111111,6.666666667,16.11111111,6.666666667,16.11111111,6.666666667,16.11111111,6.666666667,16.11111111,6.666666667,16.11111111,6.666666667,16.11111111,6.666666667,16.11111111,6.666666667,16.11111111,6.666666667,16.11111111,6.666666667,16.11111111,6.666666667,16.11111111,6.666666667,16.11111111,6.666666667
2022-10-25,55,14.44444444,11.11111111,14.44444444,11.11111111,14.44444444,11.11111111,14.44444444,11.11111111,14.44444444,11.11111111,14.44444444,11.11111111,14.44444444,11.11111111,14.44444444,11.11111111,14.44444444,11.11111111,14.44444444,11.11111111,14.44444444,11.11111111,14.44444444,11.11111111,14.44444444,11.11111111,14.44444444,11.11111111,14.44444444,11.11111111,14.44444444,11.11111111,14.44444444,11.11111111,14.44444444,11.11111111,14.44444444,11.11111111,14.44444444,11.11111111,14.44444444,11.11111111,14.44444444,11.11111111,14.44444444,11.11111111
2022-10-26,56,18.33333333,13.88888889,18.33333333,13.88888889,18.33333333,13.88888889,18.33333333,13.88888889,18.33333333,13.88888889,18.33333333,13.88888889,18.33333333,13.88888889,18.33333333,13.88888889,18.33333333,13.88888889,18.33333333,13.88888889,18.33333333,13.88888889,18.33333333,13.88888889,18.33333333,13.88888889,18.33333333,13.88888889,18.33333333,13.88888889,18.33333333,13.88888889,18.33333333,13.88888889,18.33333333,13.88888889,18.33333333,13.88888889,18.33333333,13.88888889,18.33333333,13.88888889,18.33333333,13.88888889,18.33333333,13.88888889
2022-10-27,57,18.88888889,10,18.88888889,10,18.88888889,10,18.88888889,10,18.88888889,10,18.88888889,10,18.88888889,10,18.88888889,10,18.88888889,10,18.88888889,10,18.88888889,10,18.88888889,10,18.88888889,10,18.88888889,10,18.88888889,10,18.88888889,10,18.88888889,10,18.88888889,10,18.88888889,10,18.88888889,10,18.88888889,10,18.88888889,10,18.88888889,10
2022-10-28,58,16.11111111,0,16.11111111,0,16.11111111,0,16.11111111,0,16.11111111,0,16.11111111,0,16.11111111,0,16.11111111,0,16.11111111,0,16.11111111,0,16.11111111,0,16.11111111,0,16.11111111,0,16.11111111,0,16.11111111,0,16.11111111,0,16.11111111,0,16.11111111,0,16.11111111,0,16.11111111,0,16.11111111,0,16.11111111,0,16.11111111,0
2022-10-29,59,13.33333333,-2.222222222,13.33333333,-2.222222222,13.33333333,-2.222222222,13.33333333,-2.222222222,13.33333333,-2.222222222,13.33333333,-2.222222222,13.33333333,-2.222222222,13.33333333,-2.222222222,13.33333333,-2.222222222,13.33333333,-2.222222222,13.33333333,-2.222222222,13.33333333,-2.222222222,13.33333333,-2.222222222,13.33333333,-2.222222222,13.33333333,-2.222222222,13.33333333,-2.222222222,13.33333333,-2.222222222,13.33333333,-2.222222222,13.33333333,-2.222222222,13.33333333,-2.222222222,13.33333333,-2.222222222,13.33333333,-2.222222222,13.33333333,-2.222222222
2022-10-30,60,15,-2.777777778,15,-2.777777778,15,-2.777777778,15,-2.777777778,15,-2.777777778,15,-2.777777778,15,-2.777777778,15,-2.777777778,15,-2.777777778,15,-2.777777778,15,-2.777777778,15,-2.777777778,15,-2.777777778,15,-2.777777778,15,-2.777777778,15,-2.777777778,15,-2.777777778,15,-2.777777778,15,-2.777777778,15,-2.777777778,15,-2.777777778,15,-2.777777778,15,-2.777777778
2022-10-31,61,16.11111111,-1.666666667,16.11111111,-1.666666667,16.11111111,-1.666666667,16.11111111,-1.666666667,16.11111111,-1.666666667,16.11111111,-1.666666667,16.11111111,-1.666666667,16.11111111,-1.666666667,16.11111111,-1.666666667,16.11111111,-1.666666667,16.11111111,-1.666666667,16.11111111,-1.666666667,16.11111111,-1.666666667,16.11111111,-1.666666667,16.11111111,-1.666666667,16.11111111,-1.666666667,16.11111111,-1.666666667,16.11111111,-1.666666667,16.11111111,-1.666666667,16.11111111,-1.666666667,16.11111111,-1.666666667,16.11111111,-1.666666667,16.11111111,-1.666666667
2022-11-01,62,15.55555556,5.555555556,15.55555556,5.555555556,15.55555556,5.555555556,15.55555556,5.555555556,15.55555556,5.555555556,15.55555556,5.555555556,15.55555556,5.555555556,15.55555556,5.555555556,15.55555556,5.555555556,15.55555556,5.555555556,15.55555556,5.555555556,15.55555556,5.555555556,15.55555556,5.555555556,15.55555556,5.555555556,15.55555556,5.555555556,15.55555556,5.555555556,15.55555556,5.555555556,15.55555556,5.555555556,15.55555556,5.555555556,15.55555556,5.555555556,15.55555556,5.555555556,15.55555556,5.555555556,15.55555556,5.555555556
2022-11-02,63,20,8.333333333,20,8.333333333,20,8.333333333,20,8.333333333,20,8.333333333,20,8.333333333,20,8.333333333,20,8.333333333,20,8.333333333,20,8.333333333,20,8.333333333,20,8.333333333,20,8.333333333,20,8.333333333,20,8.333333333,20,8.333333333,20,8.333333333,20,8.333333333,20,8.333333333,20,8.333333333,20,8.333333333,20,8.333333333,20,8.333333333
2022-11-03,64,20,2.222222222,20,2.222222222,20,2.222222222,20,2.222222222,20,2.222222222,20,2.222222222,20,2.222222222,20,2.222222222,20,2.222222222,20,2.222222222,20,2.222222222,20,2.222222222,20,2.222222222,20,2.222222222,20,2.222222222,20,2.222222222,20,2.222222222,20,2.222222222,20,2.222222222,20,2.222222222,20,2.222222222,20,2.222222222,20,2.222222222
2022-11-04,65,20.55555556,1.666666667,20.55555556,1.666666667,20.55555556,1.666666667,20.55555556,1.666666667,20.55555556,1.666666667,20.55555556,1.666666667,20.55555556,1.666666667,20.55555556,1.666666667,20.55555556,1.666666667,20.55555556,1.666666667,20.55555556,1.666666667,20.55555556,1.666666667,20.55555556,1.666666667,20.55555556,1.666666667,20.55555556,1.666666667,20.55555556,1.666666667,20.55555556,1.666666667,20.55555556,1.666666667,20.55555556,1.666666667,20.55555556,1.666666667,20.55555556,1.666666667,20.55555556,1.666666667,20.55555556,1.666666667
2022-11-05,66,22.22222222,3.333333333,22.22222222,3.333333333,22.22222222,3.333333333,22.22222222,3.333333333,22.22222222,3.333333333,22.22222222,3.333333333,22.22222222,3.333333333,22.22222222,3.333333333,22.22222222,3.333333333,22.22222222,3.333333333,22.22222222,3.333333333,22.22222222,3.333333333,22.22222222,3.333333333,22.22222222,3.333333333,22.22222222,3.333333333,22.22222222,3.333333333,22.22222222,3.333333333,22.22222222,3.333333333,22.22222222,3.333333333,22.22222222,3.333333333,22.22222222,3.333333333,22.22222222,3.333333333,22.22222222,3.333333333
2022-11-06,67,23.33333333,17.22222222,23.33333333,17.22222222,23.33333333,17.22222222,23.33333333,17.22222222,23.33333333,17.22222222,23.33333333,17.22222222,23.33333333,17.22222222,23.33333333,17.22222222,23.33333333,17.22222222,23.33333333,17.22222222,23.33333333,17.22222222,23.33333333,17.22222222,23.33333333,17.22222222,23.33333333,17.22222222,23.33333333,17.22222222,23.33333333,17.22222222,23.33333333,17.22222222,23.33333333,17.22222222,23.33333333,17.22222222,23.33333333,17.22222222,23.33333333,17.22222222,23.33333333,17.22222222,23.33333333,17.22222222
2022-11-07,68,21.11111111,17.77777778,21.11111111,17.77777778,21.11111111,17.77777778,21.11111111,17.77777778,21.11111111,17.77777778,21.11111111,17.77777778,21.11111111,17.77777778,21.11111111,17.77777778,21.11111111,17.77777778,21.11111111,17.77777778,21.11111111,17.77777778,21.11111111,17.77777778,21.11111111,17.77777778,21.11111111,17.77777778,21.11111111,17.77777778,21.11111111,17.77777778,21.11111111,17.77777778,21.11111111,17.77777778,21.11111111,17.77777778,21.11111111,17.77777778,21.11111111,17.77777778,21.11111111,17.77777778,21.11111111,17.77777778
2022-11-08,69,22.77777778,5.555555556,22.77777778,5.555555556,22.77777778,5.555555556,22.77777778,5.555555556,22.77777778,5.555555556,22.77777778,5.555555556,22.77777778,5.555555556,22.77777778,5.555555556,22.77777778,5.555555556,22.77777778,5.555555556,22.77777778,5.555555556,22.77777778,5.555555556,22.77777778,5.555555556,22.77777778,5.555555556,22.77777778,5.555555556,22.77777778,5.555555556,22.77777778,5.555555556,22.77777778,5.555555556,22.77777778,5.555555556,22.77777778,5.555555556,22.77777778,5.555555556,22.77777778,5.555555556,22.77777778,5.555555556
2022-11-09,70,13.88888889,-1.111111111,13.88888889,-1.111111111,13.88888889,-1.111111111,13.88888889,-1.111111111,13.88888889,-1.111111111,13.88888889,-1.111111111,13.88888889,-1.111111111,13.88888889,-1.111111111,13.88888889,-1.111111111,13.88888889,-1.111111111,13.88888889,-1.111111111,13.88888889,-1.111111111,13.88888889,-1.111111111,13.88888889,-1.111111111,13.88888889,-1.111111111,13.88888889,-1.111111111,13.88888889,-1.111111111,13.88888889,-1.111111111,13.88888889,-1.111111111,13.88888889,-1.111111111,13.88888889,-1.111111111,13.88888889,-1.111111111,13.88888889,-1.111111111
2022-11-10,71,12.77777778,-1.666666667,12.77777778,-1.666666667,12.77777778,-1.666666667,12.77777778,-1.666666667,12.77777778,-1.666666667,12.77777778,-1.666666667,12.77777778,-1.666666667,12.77777778,-1.666666667,12.77777778,-1.666666667,12.77777778,-1.666666667,12.77777778,-1.666666667,12.77777778,-1.666666667,12.77777778,-1.666666667,12.77777778,-1.666666667,12.77777778,-1.666666667,12.77777778,-1.666666667,12.77777778,-1.666666667,12.77777778,-1.666666667,12.77777778,-1.666666667,12.77777778,-1.666666667,12.77777778,-1.666666667,12.77777778,-1.666666667,12.77777778,-1.666666667
2022-11-11,72,18.88888889,0,18.88888889,0,18.88888889,0,18.88888889,0,18.88888889,0,18.88888889,0,18.88888889,0,18.88888889,0,18.88888889,0,18.88888889,0,18.88888889,0,18.88888889,0,18.88888889,0,18.88888889,0,18.88888889,0,18.88888889,0,18.88888889,0,18.88888889,0,18.88888889,0,18.88888889,0,18.88888889,0,18.88888889,0,18.88888889,0
2022-11-12,73,21.11111111,12.22222222,21.11111111,12.22222222,21.11111111,12.22222222,21.11111111,12.22222222,21.11111111,12.22222222,21.11111111,12.22222222,21.11111111,12.22222222,21.11111111,12.22222222,21.11111111,12.22222222,21.11111111,12.22222222,21.11111111,12.22222222,21.11111111,12.22222222,21.11111111,12.22222222,21.11111111,12.22222222,21.11111111,12.22222222,21.11111111,12.22222222,21.11111111,12.22222222,21.11111111,12.22222222,21.11111111,12.22222222,21.11111111,12.22222222,21.11111111,12.22222222,21.11111111,12.22222222,21.11111111,12.22222222
2022-11-13,74,18.88888889,5.555555556,18.88888889,5.555555556,18.88888889,5.555555556,18.88888889,5.555555556,18.88888889,5.555555556,18.88888889,5.555555556,18.88888889,5.555555556,18.88888889,5.555555556,18.88888889,5.555555556,18.88888889,5.555555556,18.88888889,5.555555556,18.88888889,5.555555556,18.88888889,5.555555556,18.88888889,5.555555556,18.88888889,5.555555556,18.88888889,5.555555556,18.88888889,5.555555556,18.88888889,5.555555556,18.88888889,5.555555556,18.88888889,5.555555556,18.88888889,5.555555556,18.88888889,5.555555556,18.88888889,5.555555556
2022-11-14,75,21.11111111,0,21.11111111,0,21.11111111,0,21.11111111,0,21.11111111,0,21.11111111,0,21.11111111,0,21.11111111,0,21.11111111,0,21.11111111,0,21.11111111,0,21.11111111,0,21.11111111,0,21.11111111,0,21.11111111,0,21.11111111,0,21.11111111,0,21.11111111,0,21.11111111,0,21.11111111,0,21.11111111,0,21.11111111,0,21.11111111,0
2022-11-15,76,6.666666667,-5,6.666666667,-5,6.666666667,-5,6.666666667,-5,6.666666667,-5,6.666666667,-5,6.666666667,-5,6.666666667,-5,6.666666667,-5,6.666666667,-5,6.666666667,-5,6.666666667,-5,6.666666667,-5,6.666666667,-5,6.666666667,-5,6.666666667,-5,6.666666667,-5,6.666666667,-5,6.666666667,-5,6.666666667,-5,6.666666667,-5,6.666666667,-5,6.666666667,-5
2022-11-16,77,3.888888889,-3.333333333,3.888888889,-3.333333333,3.888888889,-3.333333333,3.888888889,-3.333333333,3.888888889,-3.333333333,3.888888889,-3.333333333,3.888888889,-3.333333333,3.888888889,-3.333333333,3.888888889,-3.333333333,3.888888889,-3.333333333,3.888888889,-3.333333333,3.888888889,-3.333333333,3.888888889,-3.333333333,3.888888889,-3.333333333,3.888888889,-3.333333333,3.888888889,-3.333333333,3.888888889,-3.333333333,3.888888889,-3.333333333,3.888888889,-3.333333333,3.888888889,-3.333333333,3.888888889,-3.333333333,3.888888889,-3.333333333,3.888888889,-3.333333333
2022-11-17,78,8.888888889,1.111111111,8.888888889,1.111111111,8.888888889,1.111111111,8.888888889,1.111111111,8.888888889,1.111111111,8.888888889,1.111111111,8.888888889,1.111111111,8.888888889,1.111111111,8.888888889,1.111111111,8.888888889,1.111111111,8.888888889,1.111111111,8.888888889,1.111111111,8.888888889,1.111111111,8.888888889,1.111111111,8.888888889,1.111111111,8.888888889,1.111111111,8.888888889,1.111111111,8.888888889,1.111111111,8.888888889,1.111111111,8.888888889,1.111111111,8.888888889,1.111111111,8.888888889,1.111111111,8.888888889,1.111111111
2022-11-18,79,4.444444444,-1.111111111,4.444444444,-1.111111111,4.444444444,-1.111111111,4.444444444,-1.111111111,4.444444444,-1.111111111,4.444444444,-1.111111111,4.444444444,-1.111111111,4.444444444,-1.111111111,4.444444444,-1.111111111,4.444444444,-1.111111111,4.444444444,-1.111111111,4.444444444,-1.111111111,4.444444444,-1.111111111,4.444444444,-1.111111111,4.444444444,-1.111111111,4.444444444,-1.111111111,4.444444444,-1.111111111,4.444444444,-1.111111111,4.444444444,-1.111111111,4.444444444,-1.111111111,4.444444444,-1.111111111,4.444444444,-1.111111111,4.444444444,-1.111111111
2022-11-19,80,5,-5.555555556,5,-5.555555556,5,-5.555555556,5,-5.555555556,5,-5.555555556,5,-5.555555556,5,-5.555555556,5,-5.555555556,5,-5.555555556,5,-5.555555556,5,-5.555555556,5,-5.555555556,5,-5.555555556,5,-5.555555556,5,-5.555555556,5,-5.555555556,5,-5.555555556,5,-5.555555556,5,-5.555555556,5,-5.555555556,5,-5.555555556,5,-5.555555556,5,-5.555555556
2022-11-20,81,4.444444444,-5.555555556,4.444444444,-5.555555556,4.444444444,-5.555555556,4.444444444,-5.555555556,4.444444444,-5.555555556,4.444444444,-5.555555556,4.444444444,-5.555555556,4.444444444,-5.555555556,4.444444444,-5.555555556,4.444444444,-5.555555556,4.444444444,-5.555555556,4.444444444,-5.555555556,4.444444444,-5.555555556,4.444444444,-5.555555556,4.444444444,-5.555555556,4.444444444,-5.555555556,4.444444444,-5.555555556,4.444444444,-5.555555556,4.444444444,-5.555555556,4.444444444,-5.555555556,4.444444444,-5.555555556,4.444444444,-5.555555556,4.444444444,-5.555555556
2022-11-21,82,0,-7.222222222,0,-7.222222222,0,-7.222222222,0,-7.222222222,0,-7.222222222,0,-7.222222222,0,-7.222222222,0,-7.222222222,0,-7.222222222,0,-7.222222222,0,-7.222222222,0,-7.222222222,0,-7.222222222,0,-7.222222222,0,-7.222222222,0,-7.222222222,0,-7.222222222,0,-7.222222222,0,-7.222222222,0,-7.222222222,0,-7.222222222,0,-7.222222222,0,-7.222222222
2022-11-22,83,5.555555556,-6.111111111,5.555555556,-6.111111111,5.555555556,-6.111111111,5.555555556,-6.111111111,5.555555556,-6.111111111,5.555555556,-6.111111111,5.555555556,-6.111111111,5.555555556,-6.111111111,5.555555556,-6.111111111,5.555555556,-6.111111111,5.555555556,-6.111111111,5.555555556,-6.111111111,5.555555556,-6.111111111,5.555555556,-6.111111111,5.555555556,-6.111111111,5.555555556,-6.111111111,5.555555556,-6.111111111,5.555555556,-6.111111111,5.555555556,-6.111111111,5.555555556,-6.111111111,5.555555556,-6.111111111,5.555555556,-6.111111111,5.555555556,-6.111111111
2022-11-23,84,11.11111111,-5.555555556,11.11111111,-5.555555556,11.11111111,-5.555555556,11.11111111,-5.555555556,11.11111111,-5.555555556,11.11111111,-5.555555556,11.11111111,-5.555555556,11.11111111,-5.555555556,11.11111111,-5.555555556,11.11111111,-5.555555556,11.11111111,-5.555555556,11.11111111,-5.555555556,11.11111111,-5.555555556,11.11111111,-5.555555556,11.11111111,-5.555555556,11.11111111,-5.555555556,11.11111111,-5.555555556,11.11111111,-5.555555556,11.11111111,-5.555555556,11.11111111,-5.555555556,11.11111111,-5.555555556,11.11111111,-5.555555556,11.11111111,-5.555555556
2022-11-24,85,8.333333333,-6.111111111,8.333333333,-6.111111111,8.333333333,-6.111111111,8.333333333,-6.111111111,8.333333333,-6.111111111,8.333333333,-6.111111111,8.333333333,-6.111111111,8.333333333,-6.111111111,8.333333333,-6.111111111,8.333333333,-6.111111111,8.333333333,-6.111111111,8.333333333,-6.111111111,8.333333333,-6.111111111,8.333333333,-6.111111111,8.333333333,-6.111111111,8.333333333,-6.111111111,8.333333333,-6.111111111,8.333333333,-6.111111111,8.333333333,-6.111111111,8.333333333,-6.111111111,8.333333333,-6.111111111,8.333333333,-6.111111111,8.333333333,-6.111111111
2022-11-25,86,11.11111111,-7.777777778,11.11111111,-7.777777778,11.11111111,-7.777777778,11.11111111,-7.777777778,11.11111111,-7.777777778,11.11111111,-7.777777778,11.11111111,-7.777777778,11.11111111,-7.777777778,11.11111111,-7.777777778,11.11111111,-7.777777778,11.11111111,-7.777777778,11.11111111,-7.777777778,11.11111111,-7.777777778,11.11111111,-7.777777778,11.11111111,-7.777777778,11.11111111,-7.777777778,11.11111111,-7.777777778,11.11111111,-7.777777778,11.11111111,-7.777777778,11.11111111,-7.777777778,11.11111111,-7.777777778,11.11111111,-7.777777778,11.11111111,-7.777777778
2022-11-26,87,12.77777778,-5.555555556,12.77777778,-5.555555556,12.77777778,-5.555555556,12.77777778,-5.555555556,12.77777778,-5.555555556,12.77777778,-5.555555556,12.77777778,-5.555555556,12.77777778,-5.555555556,12.77777778,-5.555555556,12.77777778,-5.555555556,12.77777778,-5.555555556,12.77777778,-5.555555556,12.77777778,-5.555555556,12.77777778,-5.555555556,12.77777778,-5.555555556,12.77777778,-5.555555556,12.77777778,-5.555555556,12.77777778,-5.555555556,12.77777778,-5.555555556,12.77777778,-5.555555556,12.77777778,-5.555555556,12.77777778,-5.555555556,12.77777778,-5.555555556
2022-11-27,88,12.77777778,-0.555555556,12.77777778,-0.555555556,12.77777778,-0.555555556,12.77777778,-0.555555556,12.77777778,-0.555555556,12.77777778,-0.555555556,12.77777778,-0.555555556,12.77777778,-0.555555556,12.77777778,-0.555555556,12.77777778,-0.555555556,12.77777778,-0.555555556,12.77777778,-0.555555556,12.77777778,-0.555555556,12.77777778,-0.555555556,12.77777778,-0.555555556,12.77777778,-0.555555556,12.77777778,-0.555555556,12.77777778,-0.555555556,12.77777778,-0.555555556,12.77777778,-0.555555556,12.77777778,-0.555555556,12.77777778,-0.555555556,12.77777778,-0.555555556
2022-11-28,89,13.33333333,1.111111111,13.33333333,1.111111111,13.33333333,1.111111111,13.33333333,1.111111111,13.33333333,1.111111111,13.33333333,1.111111111,13.33333333,1.111111111,13.33333333,1.111111111,13.33333333,1.111111111,13.33333333,1.111111111,13.33333333,1.111111111,13.33333333,1.111111111,13.33333333,1.111111111,13.33333333,1.111111111,13.33333333,1.111111111,13.33333333,1.111111111,13.33333333,1.111111111,13.33333333,1.111111111,13.33333333,1.111111111,13.33333333,1.111111111,13.33333333,1.111111111,13.33333333,1.111111111,13.33333333,1.111111111
2022-11-29,90,13.33333333,-5.555555556,13.33333333,-5.555555556,13.33333333,-5.555555556,13.33333333,-5.555555556,13.33333333,-5.555555556,13.33333333,-5.555555556,13.33333333,-5.555555556,13.33333333,-5.555555556,13.33333333,-5.555555556,13.33333333,-5.555555556,13.33333333,-5.555555556,13.33333333,-5.555555556,13.33333333,-5.555555556,13.33333333,-5.555555556,13.33333333,-5.555555556,13.33333333,-5.555555556,13.33333333,-5.555555556,13.33333333,-5.555555556,13.33333333,-5.555555556,13.33333333,-5.555555556,13.33333333,-5.555555556,13.33333333,-5.555555556,13.33333333,-5.555555556
2022-11-30,91,7.222222222,-2.222222222,7.222222222,-2.222222222,7.222222222,-2.222222222,7.222222222,-2.222222222,7.222222222,-2.222222222,7.222222222,-2.222222222,7.222222222,-2.222222222,7.222222222,-2.222222222,7.222222222,-2.222222222,7.222222222,-2.222222222,7.222222222,-2.222222222,7.222222222,-2.222222222,7.222222222,-2.222222222,7.222222222,-2.222222222,7.222222222,-2.222222222,7.222222222,-2.222222222,7.222222222,-2.222222222,7.222222222,-2.222222222,7.222222222,-2.222222222,7.222222222,-2.222222222,7.222222222,-2.222222222,7.222222222,-2.222222222,7.222222222,-2.222222222
2022-12-01,92,11.11111111,0,11.11111111,0,11.11111111,0,11.11111111,0,11.11111111,0,11.11111111,0,11.11111111,0,11.11111111,0,11.11111111,0,11.11111111,0,11.11111111,0,11.11111111,0,11.11111111,0,11.11111111,0,11.11111111,0,11.11111111,0,11.11111111,0,11.11111111,0,11.11111111,0,11.11111111,0,11.11111111,0,11.11111111,0,11.11111111,0
2022-12-02,93,4.444444444,-8.333333333,4.444444444,-8.333333333,4.444444444,-8.333333333,4.444444444,-8.333333333,4.444444444,-8.333333333,4.444444444,-8.333333333,4.444444444,-8.333333333,4.444444444,-8.333333333,4.444444444,-8.333333333,4.444444444,-8.333333333,4.444444444,-8.333333333,4.444444444,-8.333333333,4.444444444,-8.333333333,4.444444444,-8.333333333,4.444444444,-8.333333333,4.444444444,-8.333333333,4.444444444,-8.333333333,4.444444444,-8.333333333,4.444444444,-8.333333333,4.444444444,-8.333333333,4.444444444,-8.333333333,4.444444444,-8.333333333,4.444444444,-8.333333333
2022-12-03,94,8.333333333,-8.333333333,8.333333333,-8.333333333,8.333333333,-8.333333333,8.333333333,-8.333333333,8.333333333,-8.333333333,8.333333333,-8.333333333,8.333333333,-8.333333333,8.333333333,-8.333333333,8.333333333,-8.333333333,8.333333333,-8.333333333,8.333333333,-8.333333333,8.333333333,-8.333333333,8.333333333,-8.333333333,8.333333333,-8.333333333,8.333333333,-8.333333333,8.333333333,-8.333333333,8.333333333,-8.333333333,8.333333333,-8.333333333,8.333333333,-8.333333333,8.333333333,-8.333333333,8.333333333,-8.333333333,8.333333333,-8.333333333,8.333333333,-8.333333333
2022-12-04,95,13.88888889,-1.111111111,13.88888889,-1.111111111,13.88888889,-1.111111111,13.88888889,-1.111111111,13.88888889,-1.111111111,13.88888889,-1.111111111,13.88888889,-1.111111111,13.88888889,-1.111111111,13.88888889,-1.111111111,13.88888889,-1.111111111,13.88888889,-1.111111111,13.88888889,-1.111111111,13.88888889,-1.111111111,13.88888889,-1.111111111,13.88888889,-1.111111111,13.88888889,-1.111111111,13.88888889,-1.111111111,13.88888889,-1.111111111,13.88888889,-1.111111111,13.88888889,-1.111111111,13.88888889,-1.111111111,13.88888889,-1.111111111,13.88888889,-1.111111111
2022-12-05,96,4.444444444,-8.888888889,4.444444444,-8.888888889,4.444444444,-8.888888889,4.444444444,-8.888888889,4.444444444,-8.888888889,4.444444444,-8.888888889,4.444444444,-8.888888889,4.444444444,-8.888888889,4.444444444,-8.888888889,4.444444444,-8.888888889,4.444444444,-8.888888889,4.444444444,-8.888888889,4.444444444,-8.888888889,4.444444444,-8.888888889,4.444444444,-8.888888889,4.444444444,-8.888888889,4.444444444,-8.888888889,4.444444444,-8.888888889,4.444444444,-8.888888889,4.444444444,-8.888888889,4.444444444,-8.888888889,4.444444444,-8.888888889,4.444444444,-8.888888889
2022-12-06,97,8.888888889,-8.333333333,8.888888889,-8.333333333,8.888888889,-8.333333333,8.888888889,-8.333333333,8.888888889,-8.333333333,8.888888889,-8.333333333,8.888888889,-8.333333333,8.888888889,-8.333333333,8.888888889,-8.333333333,8.888888889,-8.333333333,8.888888889,-8.333333333,8.888888889,-8.333333333,8.888888889,-8.333333333,8.888888889,-8.333333333,8.888888889,-8.333333333,8.888888889,-8.333333333,8.888888889,-8.333333333,8.888888889,-8.333333333,8.888888889,-8.333333333,8.888888889,-8.333333333,8.888888889,-8.333333333,8.888888889,-8.333333333,8.888888889,-8.333333333
2022-12-07,98,10,0,10,0,10,0,10,0,10,0,10,0,10,0,10,0,10,0,10,0,10,0,10,0,10,0,10,0,10,0,10,0,10,0,10,0,10,0,10,0,10,0,10,0,10,0
2022-12-08,99,10.55555556,4.444444444,10.55555556,4.444444444,10.55555556,4.444444444,10.55555556,4.444444444,10.55555556,4.444444444,10.55555556,4.444444444,10.55555556,4.444444444,10.55555556,4.444444444,10.55555556,4.444444444,10.55555556,4.444444444,10.55555556,4.444444444,10.55555556,4.444444444,10.55555556,4.444444444,10.55555556,4.444444444,10.55555556,4.444444444,10.55555556,4.444444444,10.55555556,4.444444444,10.55555556,4.444444444,10.55555556,4.444444444,10.55555556,4.444444444,10.55555556,4.444444444,10.55555556,4.444444444,10.55555556,4.444444444
2022-12-09,100,10,-1.111111111,10,-1.111111111,10,-1.111111111,10,-1.111111111,10,-1.111111111,10,-1.111111111,10,-1.111111111,10,-1.111111111,10,-1.111111111,10,-1.111111111,10,-1.111111111,10,-1.111111111,10,-1.111111111,10,-1.111111111,10,-1.111111111,10,-1.111111111,10,-1.111111111,10,-1.111111111,10,-1.111111111,10,-1.111111111,10,-1.111111111,10,-1.111111111,10,-1.111111111
2022-12-10,101,7.222222222,-3.888888889,7.222222222,-3.888888889,7.222222222,-3.888888889,7.222222222,-3.888888889,7.222222222,-3.888888889,7.222222222,-3.888888889,7.222222222,-3.888888889,7.222222222,-3.888888889,7.222222222,-3.888888889,7.222222222,-3.888888889,7.222222222,-3.888888889,7.222222222,-3.888888889,7.222222222,-3.888888889,7.222222222,-3.888888889,7.222222222,-3.888888889,7.222222222,-3.888888889,7.222222222,-3.888888889,7.222222222,-3.888888889,7.222222222,-3.888888889,7.222222222,-3.888888889,7.222222222,-3.888888889,7.222222222,-3.888888889,7.222222222,-3.888888889
2022-12-11,102,6.111111111,-3.888888889,6.111111111,-3.888888889,6.111111111,-3.888888889,6.111111111,-3.888888889,6.111111111,-3.888888889,6.111111111,-3.888888889,6.111111111,-3.888888889,6.111111111,-3.888888889,6.111111111,-3.888888889,6.111111111,-3.888888889,6.111111111,-3.888888889,6.111111111,-3.888888889,6.111111111,-3.888888889,6.111111111,-3.888888889,6.111111111,-3.888888889,6.111111111,-3.888888889,6.111111111,-3.888888889,6.111111111,-3.888888889,6.111111111,-3.888888889,6.111111111,-3.888888889,6.111111111,-3.888888889,6.111111111,-3.888888889,6.111111111,-3.888888889
2022-12-12,103,4.444444444,1.111111111,4.444444444,1.111111111,4.444444444,1.111111111,4.444444444,1.111111111,4.444444444,1.111111111,4.444444444,1.111111111,4.444444444,1.111111111,4.444444444,1.111111111,4.444444444,1.111111111,4.444444444,1.111111111,4.444444444,1.111111111,4.444444444,1.111111111,4.444444444,1.111111111,4.444444444,1.111111111,4.444444444,1.111111111,4.444444444,1.111111111,4.444444444,1.111111111,4.444444444,1.111111111,4.444444444,1.111111111,4.444444444,1.111111111,4.444444444,1.111111111,4.444444444,1.111111111,4.444444444,1.111111111
2022-12-13,104,3.333333333,-6.666666667,3.333333333,-6.666666667,3.333333333,-6.666666667,3.333333333,-6.666666667,3.333333333,-6.666666667,3.333333333,-6.666666667,3.333333333,-6.666666667,3.333333333,-6.666666667,3.333333333,-6.666666667,3.333333333,-6.666666667,3.333333333,-6.666666667,3.333333333,-6.666666667,3.333333333,-6.666666667,3.333333333,-6.666666667,3.333333333,-6.666666667,3.333333333,-6.666666667,3.333333333,-6.666666667,3.333333333,-6.666666667,3.333333333,-6.666666667,3.333333333,-6.666666667,3.333333333,-6.666666667,3.333333333,-6.666666667,3.333333333,-6.666666667
2022-12-14,105,3.333333333,-8.333333333,3.333333333,-8.333333333,3.333333333,-8.333333333,3.333333333,-8.333333333,3.333333333,-8.333333333,3.333333333,-8.333333333,3.333333333,-8.333333333,3.333333333,-8.333333333,3.333333333,-8.333333333,3.333333333,-8.333333333,3.333333333,-8.333333333,3.333333333,-8.333333333,3.333333333,-8.333333333,3.333333333,-8.333333333,3.333333333,-8.333333333,3.333333333,-8.333333333,3.333333333,-8.333333333,3.333333333,-8.333333333,3.333333333,-8.333333333,3.333333333,-8.333333333,3.333333333,-8.333333333,3.333333333,-8.333333333,3.333333333,-8.333333333
2022-12-15,106,3.888888889,-4.444444444,3.888888889,-4.444444444,3.888888889,-4.444444444,3.888888889,-4.444444444,3.888888889,-4.444444444,3.888888889,-4.444444444,3.888888889,-4.444444444,3.888888889,-4.444444444,3.888888889,-4.444444444,3.888888889,-4.444444444,3.888888889,-4.444444444,3.888888889,-4.444444444,3.888888889,-4.444444444,3.888888889,-4.444444444,3.888888889,-4.444444444,3.888888889,-4.444444444,3.888888889,-4.444444444,3.888888889,-4.444444444,3.888888889,-4.444444444,3.888888889,-4.444444444,3.888888889,-4.444444444,3.888888889,-4.444444444,3.888888889,-4.444444444
2022-12-16,107,3.333333333,-1.666666667,3.333333333,-1.666666667,3.333333333,-1.666666667,3.333333333,-1.666666667,3.333333333,-1.666666667,3.333333333,-1.666666667,3.333333333,-1.666666667,3.333333333,-1.666666667,3.333333333,-1.666666667,3.333333333,-1.666666667,3.333333333,-1.666666667,3.333333333,-1.666666667,3.333333333,-1.666666667,3.333333333,-1.666666667,3.333333333,-1.666666667,3.333333333,-1.666666667,3.333333333,-1.666666667,3.333333333,-1.666666667,3.333333333,-1.666666667,3.333333333,-1.666666667,3.333333333,-1.666666667,3.333333333,-1.666666667,3.333333333,-1.666666667
2022-12-17,108,5.555555556,1.111111111,5.555555556,1.111111111,5.555555556,1.111111111,5.555555556,1.111111111,5.555555556,1.111111111,5.555555556,1.111111111,5.555555556,1.111111111,5.555555556,1.111111111,5.555555556,1.111111111,5.555555556,1.111111111,5.555555556,1.111111111,5.555555556,1.111111111,5.555555556,1.111111111,5.555555556,1.111111111,5.555555556,1.111111111,5.555555556,1.111111111,5.555555556,1.111111111,5.555555556,1.111111111,5.555555556,1.111111111,5.555555556,1.111111111,5.555555556,1.111111111,5.555555556,1.111111111,5.555555556,1.111111111
2022-12-18,109,5,-3.333333333,5,-3.333333333,5,-3.333333333,5,-3.333333333,5,-3.333333333,5,-3.333333333,5,-3.333333333,5,-3.333333333,5,-3.333333333,5,-3.333333333,5,-3.333333333,5,-3.333333333,5,-3.333333333,5,-3.333333333,5,-3.333333333,5,-3.333333333,5,-3.333333333,5,-3.333333333,5,-3.333333333,5,-3.333333333,5,-3.333333333,5,-3.333333333,5,-3.333333333
2022-12-19,110,1.666666667,-3.888888889,1.666666667,-3.888888889,1.666666667,-3.888888889,1.666666667,-3.888888889,1.666666667,-3.888888889,1.666666667,-3.888888889,1.666666667,-3.888888889,1.666666667,-3.888888889,1.666666667,-3.888888889,1.666666667,-3.888888889,1.666666667,-3.888888889,1.666666667,-3.888888889,1.666666667,-3.888888889,1.666666667,-3.888888889,1.666666667,-3.888888889,1.666666667,-3.888888889,1.666666667,-3.888888889,1.666666667,-3.888888889,1.666666667,-3.888888889,1.666666667,-3.888888889,1.666666667,-3.888888889,1.666666667,-3.888888889,1.666666667,-3.888888889
2022-12-20,111,0,-2.777777778,0,-2.777777778,0,-2.777777778,0,-2.777777778,0,-2.777777778,0,-2.777777778,0,-2.777777778,0,-2.777777778,0,-2.777777778,0,-2.777777778,0,-2.777777778,0,-2.777777778,0,-2.777777778,0,-2.777777778,0,-2.777777778,0,-2.777777778,0,-2.777777778,0,-2.777777778,0,-2.777777778,0,-2.777777778,0,-2.777777778,0,-2.777777778,0,-2.777777778
2022-12-21,112,3.333333333,-9.444444444,3.333333333,-9.444444444,3.333333333,-9.444444444,3.333333333,-9.444444444,3.333333333,-9.444444444,3.333333333,-9.444444444,3.333333333,-9.444444444,3.333333333,-9.444444444,3.333333333,-9.444444444,3.333333333,-9.444444444,3.333333333,-9.444444444,3.333333333,-9.444444444,3.333333333,-9.444444444,3.333333333,-9.444444444,3.333333333,-9.444444444,3.333333333,-9.444444444,3.333333333,-9.444444444,3.333333333,-9.444444444,3.333333333,-9.444444444,3.333333333,-9.444444444,3.333333333,-9.444444444,3.333333333,-9.444444444,3.333333333,-9.444444444
2022-12-22,113,6,6,6,6,6,6,6,6,6,6,6,6,6,6,6,6,6,6,6,6,6,6,6,6,6,6,6,6,6,6,6,6,6,6,6,6,6,6,6,6,6,6,6,6,6,6
2022-12-23,114,6,6,6,6,6,6,6,6,6,6,6,6,6,6,6,6,6,6,6,6,6,6,6,6,6,6,6,6,6,6,6,6,6,6,6,6,6,6,6,6,6,6,6,6,6,6
2022-12-24,115,6,6,6,6,6,6,6,6,6,6,6,6,6,6,6,6,6,6,6,6,6,6,6,6,6,6,6,6,6,6,6,6,6,6,6,6,6,6,6,6,6,6,6,6,6,6
2022-12-25,116,6,6,6,6,6,6,6,6,6,6,6,6,6,6,6,6,6,6,6,6,6,6,6,6,6,6,6,6,6,6,6,6,6,6,6,6,6,6,6,6,6,6,6,6,6,6
2022-12-26,117,6,6,6,6,6,6,6,6,6,6,6,6,6,6,6,6,6,6,6,6,6,6,6,6,6,6,6,6,6,6,6,6,6,6,6,6,6,6,6,6,6,6,6,6,6,6
2022-12-27,118,6,6,6,6,6,6,6,6,6,6,6,6,6,6,6,6,6,6,6,6,6,6,6,6,6,6,6,6,6,6,6,6,6,6,6,6,6,6,6,6,6,6,6,6,6,6
2022-12-28,119,6,6,6,6,6,6,6,6,6,6,6,6,6,6,6,6,6,6,6,6,6,6,6,6,6,6,6,6,6,6,6,6,6,6,6,6,6,6,6,6,6,6,6,6,6,6
2022-12-29,120,6,6,6,6,6,6,6,6,6,6,6,6,6,6,6,6,6,6,6,6,6,6,6,6,6,6,6,6,6,6,6,6,6,6,6,6,6,6,6,6,6,6,6,6,6,6
2022-12-30,121,6,6,6,6,6,6,6,6,6,6,6,6,6,6,6,6,6,6,6,6,6,6,6,6,6,6,6,6,6,6,6,6,6,6,6,6,6,6,6,6,6,6,6,6,6,6
2022-12-31,122,6,6,6,6,6,6,6,6,6,6,6,6,6,6,6,6,6,6,6,6,6,6,6,6,6,6,6,6,6,6,6,6,6,6,6,6,6,6,6,6,6,6,6,6,6,6
2023-01-01,123,6,6,6,6,6,6,6,6,6,6,6,6,6,6,6,6,6,6,6,6,6,6,6,6,6,6,6,6,6,6,6,6,6,6,6,6,6,6,6,6,6,6,6,6,6,6
2023-01-02,124,6,6,6,6,6,6,6,6,6,6,6,6,6,6,6,6,6,6,6,6,6,6,6,6,6,6,6,6,6,6,6,6,6,6,6,6,6,6,6,6,6,6,6,6,6,6
2023-01-03,125,6,6,6,6,6,6,6,6,6,6,6,6,6,6,6,6,6,6,6,6,6,6,6,6,6,6,6,6,6,6,6,6,6,6,6,6,6,6,6,6,6,6,6,6,6,6
2023-01-04,126,6,6,6,6,6,6,6,6,6,6,6,6,6,6,6,6,6,6,6,6,6,6,6,6,6,6,6,6,6,6,6,6,6,6,6,6,6,6,6,6,6,6,6,6,6,6
2023-01-05,127,6,6,6,6,6,6,6,6,6,6,6,6,6,6,6,6,6,6,6,6,6,6,6,6,6,6,6,6,6,6,6,6,6,6,6,6,6,6,6,6,6,6,6,6,6,6
2023-01-06,128,6,6,6,6,6,6,6,6,6,6,6,6,6,6,6,6,6,6,6,6,6,6,6,6,6,6,6,6,6,6,6,6,6,6,6,6,6,6,6,6,6,6,6,6,6,6
2023-01-07,129,6,6,6,6,6,6,6,6,6,6,6,6,6,6,6,6,6,6,6,6,6,6,6,6,6,6,6,6,6,6,6,6,6,6,6,6,6,6,6,6,6,6,6,6,6,6
2023-01-08,130,6,6,6,6,6,6,6,6,6,6,6,6,6,6,6,6,6,6,6,6,6,6,6,6,6,6,6,6,6,6,6,6,6,6,6,6,6,6,6,6,6,6,6,6,6,6
2023-01-09,131,6,6,6,6,6,6,6,6,6,6,6,6,6,6,6,6,6,6,6,6,6,6,6,6,6,6,6,6,6,6,6,6,6,6,6,6,6,6,6,6,6,6,6,6,6,6
2023-01-10,132,6,6,6,6,6,6,6,6,6,6,6,6,6,6,6,6,6,6,6,6,6,6,6,6,6,6,6,6,6,6,6,6,6,6,6,6,6,6,6,6,6,6,6,6,6,6
2023-01-11,133,6,6,6,6,6,6,6,6,6,6,6,6,6,6,6,6,6,6,6,6,6,6,6,6,6,6,6,6,6,6,6,6,6,6,6,6,6,6,6,6,6,6,6,6,6,6
2023-01-12,134,6,6,6,6,6,6,6,6,6,6,6,6,6,6,6,6,6,6,6,6,6,6,6,6,6,6,6,6,6,6,6,6,6,6,6,6,6,6,6,6,6,6,6,6,6,6
2023-01-13,135,6,6,6,6,6,6,6,6,6,6,6,6,6,6,6,6,6,6,6,6,6,6,6,6,6,6,6,6,6,6,6,6,6,6,6,6,6,6,6,6,6,6,6,6,6,6
2023-01-14,136,6,6,6,6,6,6,6,6,6,6,6,6,6,6,6,6,6,6,6,6,6,6,6,6,6,6,6,6,6,6,6,6,6,6,6,6,6,6,6,6,6,6,6,6,6,6
2023-01-15,137,6,6,6,6,6,6,6,6,6,6,6,6,6,6,6,6,6,6,6,6,6,6,6,6,6,6,6,6,6,6,6,6,6,6,6,6,6,6,6,6,6,6,6,6,6,6
2023-01-16,138,6,6,6,6,6,6,6,6,6,6,6,6,6,6,6,6,6,6,6,6,6,6,6,6,6,6,6,6,6,6,6,6,6,6,6,6,6,6,6,6,6,6,6,6,6,6
2023-01-17,139,6,6,6,6,6,6,6,6,6,6,6,6,6,6,6,6,6,6,6,6,6,6,6,6,6,6,6,6,6,6,6,6,6,6,6,6,6,6,6,6,6,6,6,6,6,6
2023-01-18,140,6,6,6,6,6,6,6,6,6,6,6,6,6,6,6,6,6,6,6,6,6,6,6,6,6,6,6,6,6,6,6,6,6,6,6,6,6,6,6,6,6,6,6,6,6,6
2023-01-19,141,6,6,6,6,6,6,6,6,6,6,6,6,6,6,6,6,6,6,6,6,6,6,6,6,6,6,6,6,6,6,6,6,6,6,6,6,6,6,6,6,6,6,6,6,6,6
2023-01-20,142,6,6,6,6,6,6,6,6,6,6,6,6,6,6,6,6,6,6,6,6,6,6,6,6,6,6,6,6,6,6,6,6,6,6,6,6,6,6,6,6,6,6,6,6,6,6
2023-01-21,143,6,6,6,6,6,6,6,6,6,6,6,6,6,6,6,6,6,6,6,6,6,6,6,6,6,6,6,6,6,6,6,6,6,6,6,6,6,6,6,6,6,6,6,6,6,6
2023-01-22,144,6,6,6,6,6,6,6,6,6,6,6,6,6,6,6,6,6,6,6,6,6,6,6,6,6,6,6,6,6,6,6,6,6,6,6,6,6,6,6,6,6,6,6,6,6,6
2023-01-23,145,6,6,6,6,6,6,6,6,6,6,6,6,6,6,6,6,6,6,6,6,6,6,6,6,6,6,6,6,6,6,6,6,6,6,6,6,6,6,6,6,6,6,6,6,6,6
2023-01-24,146,6,6,6,-5,6,-10,6,-15,6,-20,6,-22.5,6,-25,6,6,6,6,6,6,6,6,6,6,6,6,6,6,6,6,6,6,6,6,6,6,6,6,6,6,6,6,6,6,6,6
2023-01-25,147,6,6,6,6,6,6,6,6,6,6,6,6,6,6,6,-5,6,-10,6,-15,6,-20,6,-22.5,6,-25,6,6,6,6,6,6,6,6,6,6,6,6,6,6,6,6,6,6,6,6
2023-01-26,148,6,6,6,6,6,6,6,6,6,6,6,6,6,6,6,6,6,6,6,6,6,6,6,6,6,6,6,-5,6,-10,6,-15,6,-20,6,6,6,6,6,6,6,6,6,6,6,6
2023-01-27,149,6,6,6,6,6,6,6,6,6,6,6,6,6,6,6,6,6,6,6,6,6,6,6,6,6,6,-5,-5,-10,-10,-15,-15,-20,-20,6,6,6,6,6,6,6,6,6,6,6,6
2023-01-28,150,6,6,6,6,6,6,6,6,6,6,6,6,6,6,6,6,6,6,6,6,6,6,6,6,6,6,-5,-5,-10,-10,-15,-15,-20,-20,6,6,6,6,6,6,6,6,6,6,6,6
2023-01-29,151,6,6,6,6,6,6,6,6,6,6,6,6,6,6,6,6,6,6,6,6,6,6,6,6,6,6,-5,-5,-10,-10,-15,-15,-20,-20,6,6,6,6,6,6,6,6,6,6,6,6
2023-01-30,152,6,6,6,6,6,6,6,6,6,6,6,6,6,6,6,6,6,6,6,6,6,6,6,6,6,6,-5,-5,-10,-10,-15,-15,-20,-20,6,6,6,6,6,6,6,6,6,6,6,6
2023-01-31,153,6,6,6,6,6,6,6,6,6,6,6,6,6,6,6,6,6,6,6,6,6,6,6,6,6,6,-5,-5,-10,-10,-15,-15,-20,-20,6,6,6,6,6,6,6,6,6,6,6,6
2023-02-01,154,6,6,6,6,6,6,6,6,6,6,6,6,6,6,6,6,6,6,6,6,6,6,6,6,6,6,-5,-5,-10,-10,-15,-15,-20,-20,6,6,6,6,6,6,6,6,6,6,6,6
2023-02-02,155,6,6,6,6,6,6,6,6,6,6,6,6,6,6,6,6,6,6,6,6,6,6,6,6,6,6,-5,-5,-10,-10,-15,-15,-20,-20,6,6,6,6,6,6,6,6,6,6,6,6
2023-02-03,156,6,6,6,6,6,6,6,6,6,6,6,6,6,6,6,6,6,6,6,6,6,6,6,6,6,6,-5,-5,-10,-10,-15,-15,-20,-20,6,6,6,6,6,6,6,6,6,6,6,6
2023-02-04,157,6,6,6,6,6,6,6,6,6,6,6,6,6,6,6,6,6,6,6,6,6,6,6,6,6,6,-5,-5,-10,-10,-15,-15,-20,-20,6,6,6,6,6,6,6,6,6,6,6,6
2023-02-05,158,6,6,6,6,6,6,6,6,6,6,6,6,6,6,6,6,6,6,6,6,6,6,6,6,6,6,-5,-5,-10,-10,-15,-15,-20,-20,6,6,6,6,6,6,6,6,6,6,6,6
2023-02-06,159,6,6,6,6,6,6,6,6,6,6,6,6,6,6,6,6,6,6,6,6,6,6,6,6,6,6,-5,-5,-10,-10,-15,-15,-20,-20,6,0,6,-20,6,6,6,6,6,6,6,6
2023-02-07,160,6,6,6,6,6,6,6,6,6,6,6,6,6,6,6,6,6,6,6,6,6,6,6,6,6,6,-5,-5,-10,-10,-15,-15,-20,-20,0,0,-20,-20,6,6,6,6,6,6,6,6
2023-02-08,161,6,6,6,6,6,6,6,6,6,6,6,6,6,6,6,6,6,6,6,6,6,6,6,6,6,6,-5,-5,-10,-10,-15,-15,-20,-20,0,0,-20,-20,6,6,6,6,6,6,6,6
2023-02-09,162,6,6,6,6,6,6,6,6,6,6,6,6,6,6,6,6,6,6,6,6,6,6,6,6,6,6,-5,-5,-10,-10,-15,-15,-20,-20,0,0,-20,-20,6,6,6,6,6,6,6,6
2023-02-10,163,6,6,6,6,6,6,6,6,6,6,6,6,6,6,6,6,6,6,6,6,6,6,6,6,6,6,6,-5,6,-10,6,-15,6,-20,0,0,-20,-20,6,6,6,6,6,6,6,6
2023-02-11,164,6,6,6,6,6,6,6,6,6,6,6,6,6,6,6,6,6,6,6,6,6,6,6,6,6,6,6,6,6,6,6,6,6,6,0,0,-20,-20,6,6,6,6,6,6,6,6
2023-02-12,165,6,6,6,6,6,6,6,6,6,6,6,6,6,6,6,6,6,6,6,6,6,6,6,6,6,6,6,6,6,6,6,6,6,6,0,0,-20,-20,6,6,6,6,6,6,6,6
2023-02-13,166,6,6,6,6,6,6,6,6,6,6,6,6,6,6,6,6,6,6,6,6,6,6,6,6,6,6,6,6,6,6,6,6,6,6,0,0,-20,-20,6,0,6,-5,6,-10,6,-15
2023-02-14,167,6,6,6,6,6,6,6,6,6,6,6,6,6,6,6,6,6,6,6,6,6,6,6,6,6,6,6,6,6,6,6,6,6,6,0,0,-20,-20,0,0,-5,-5,-10,-10,-15,-15
2023-02-15,168,6,6,6,6,6,6,6,6,6,6,6,6,6,6,6,6,6,6,6,6,6,6,6,6,6,6,6,6,6,6,6,6,6,6,0,0,-20,-20,0,0,-5,-5,-10,-10,-15,-15
2023-02-16,169,6,6,6,6,6,6,6,6,6,6,6,6,6,6,6,6,6,6,6,6,6,6,6,6,6,6,6,6,6,6,6,6,6,6,0,0,6,-20,0,0,-5,-5,-10,-10,-15,-15
2023-02-17,170,6,6,6,6,6,6,6,6,6,6,6,6,6,6,6,6,6,6,6,6,6,6,6,6,6,6,6,6,6,6,6,6,6,6,0,0,6,6,0,0,-5,-5,-10,-10,-15,-15
2023-02-18,171,6,6,6,6,6,6,6,6,6,6,6,6,6,6,6,6,6,6,6,6,6,6,6,6,6,6,6,6,6,6,6,6,6,6,0,0,6,6,0,0,-5,-5,-10,-10,-15,-15
2023-02-19,172,6,6,6,6,6,6,6,6,6,6,6,6,6,6,6,6,6,6,6,6,6,6,6,6,6,6,6,6,6,6,6,6,6,6,0,0,6,6,0,0,-5,-5,-10,-10,-15,-15
2023-02-20,173,6,6,6,6,6,6,6,6,6,6,6,6,6,6,6,6,6,6,6,6,6,6,6,6,6,6,6,6,6,6,6,6,6,6,0,0,6,6,0,0,-5,-5,-10,-10,-15,-15
2023-02-21,174,6,6,6,6,6,6,6,6,6,6,6,6,6,6,6,6,6,6,6,6,6,6,6,6,6,6,6,6,6,6,6,6,6,6,6,0,6,6,0,0,-5,-5,-10,-10,-15,-15
2023-02-22,175,6,6,6,6,6,6,6,6,6,6,6,6,6,6,6,6,6,6,6,6,6,6,6,6,6,6,6,6,6,6,6,6,6,6,6,6,6,6,0,0,-5,-5,-10,-10,-15,-15
2023-02-23,176,6,6,6,6,6,6,6,6,6,6,6,6,6,6,6,6,6,6,6,6,6,6,6,6,6,6,6,6,6,6,6,6,6,6,6,6,6,6,0,0,-5,-5,-10,-10,-15,-15
2023-02-24,177,6,6,6,6,6,6,6,6,6,6,6,6,6,6,6,6,6,6,6,6,6,6,6,6,6,6,6,6,6,6,6,6,6,6,6,6,6,6,6,0,6,-5,6,-10,6,-15
2023-02-25,178,6,6,6,6,6,6,6,6,6,6,6,6,6,6,6,6,6,6,6,6,6,6,6,6,6,6,6,6,6,6,6,6,6,6,6,6,6,6,6,6,6,6,6,6,6,6
2023-02-26,179,6,6,6,6,6,6,6,6,6,6,6,6,6,6,6,6,6,6,6,6,6,6,6,6,6,6,6,6,6,6,6,6,6,6,6,6,6,6,6,6,6,6,6,6,6,6
2023-02-27,180,6,6,6,6,6,6,6,6,6,6,6,6,6,6,6,6,6,6,6,6,6,6,6,6,6,6,6,6,6,6,6,6,6,6,6,6,6,6,6,6,6,6,6,6,6,6
2023-02-28,181,6,6,6,6,6,6,6,6,6,6,6,6,6,6,6,6,6,6,6,6,6,6,6,6,6,6,6,6,6,6,6,6,6,6,6,6,6,6,6,6,6,6,6,6,6,6
2023-03-01,182,6,6,6,6,6,6,6,6,6,6,6,6,6,6,6,6,6,6,6,6,6,6,6,6,6,6,6,6,6,6,6,6,6,6,6,6,6,6,6,6,6,6,6,6,6,6
2023-03-02,183,6,6,6,6,6,6,6,6,6,6,6,6,6,6,6,6,6,6,6,6,6,6,6,6,6,6,6,6,6,6,6,6,6,6,6,6,6,6,6,6,6,6,6,6,6,6
2023-03-03,184,6,6,6,6,6,6,6,6,6,6,6,6,6,6,6,6,6,6,6,6,6,6,6,6,6,6,6,6,6,6,6,6,6,6,6,6,6,6,6,6,6,6,6,6,6,6
2023-03-04,185,6,6,6,6,6,6,6,6,6,6,6,6,6,6,6,6,6,6,6,6,6,6,6,6,6,6,6,6,6,6,6,6,6,6,6,6,6,6,6,6,6,6,6,6,6,6
2023-03-05,186,6,6,6,6,6,6,6,6,6,6,6,6,6,6,6,6,6,6,6,6,6,6,6,6,6,6,6,6,6,6,6,6,6,6,6,6,6,6,6,6,6,6,6,6,6,6
2023-03-06,187,6,6,6,6,6,6,6,6,6,6,6,6,6,6,6,6,6,6,6,6,6,6,6,6,6,6,6,6,6,6,6,6,6,6,6,6,6,6,6,6,6,6,6,6,6,6
2023-03-07,188,6,6,6,6,6,6,6,6,6,6,6,6,6,6,6,6,6,6,6,6,6,6,6,6,6,6,6,6,6,6,6,6,6,6,6,6,6,6,6,6,6,6,6,6,6,6
2023-03-08,189,6,6,6,6,6,6,6,6,6,6,6,6,6,6,6,6,6,6,6,6,6,6,6,6,6,6,6,6,6,6,6,6,6,6,6,6,6,6,6,6,6,6,6,6,6,6
2023-03-09,190,6,6,6,6,6,6,6,6,6,6,6,6,6,6,6,6,6,6,6,6,6,6,6,6,6,6,6,6,6,6,6,6,6,6,6,6,6,6,6,6,6,6,6,6,6,6
2023-03-10,191,6,6,6,6,6,6,6,6,6,6,6,6,6,6,6,6,6,6,6,6,6,6,6,6,6,6,6,6,6,6,6,6,6,6,6,6,6,6,6,6,6,6,6,6,6,6
2023-03-11,192,6,6,6,6,6,6,6,6,6,6,6,6,6,6,6,6,6,6,6,6,6,6,6,6,6,6,6,6,6,6,6,6,6,6,6,6,6,6,6,6,6,6,6,6,6,6
2023-03-12,193,6,6,6,6,6,6,6,6,6,6,6,6,6,6,6,6,6,6,6,6,6,6,6,6,6,6,6,6,6,6,6,6,6,6,6,6,6,6,6,6,6,6,6,6,6,6
2023-03-13,194,6,6,6,6,6,6,6,6,6,6,6,6,6,6,6,6,6,6,6,6,6,6,6,6,6,6,6,6,6,6,6,6,6,6,6,6,6,6,6,6,6,6,6,6,6,6
2023-03-14,195,6,6,6,6,6,6,6,6,6,6,6,6,6,6,6,6,6,6,6,6,6,6,6,6,6,6,6,6,6,6,6,6,6,6,6,6,6,6,6,6,6,6,6,6,6,6
2023-03-15,196,6,6,6,6,6,6,6,6,6,6,6,6,6,6,6,6,6,6,6,6,6,6,6,6,6,6,6,6,6,6,6,6,6,6,6,6,6,6,6,6,6,6,6,6,6,6
2023-03-16,197,6,6,6,6,6,6,6,6,6,6,6,6,6,6,6,6,6,6,6,6,6,6,6,6,6,6,6,6,6,6,6,6,6,6,6,6,6,6,6,6,6,6,6,6,6,6
2023-03-17,198,6,6,6,6,6,6,6,6,6,6,6,6,6,6,6,6,6,6,6,6,6,6,6,6,6,6,6,6,6,6,6,6,6,6,6,6,6,6,6,6,6,6,6,6,6,6
2023-03-18,199,6,6,6,6,6,6,6,6,6,6,6,6,6,6,6,6,6,6,6,6,6,6,6,6,6,6,6,6,6,6,6,6,6,6,6,6,6,6,6,6,6,6,6,6,6,6
2023-03-19,200,6,6,6,6,6,6,6,6,6,6,6,6,6,6,6,6,6,6,6,6,6,6,6,6,6,6,6,6,6,6,6,6,6,6,6,6,6,6,6,6,6,6,6,6,6,6
2023-03-20,201,6,6,6,6,6,6,6,6,6,6,6,6,6,6,6,6,6,6,6,6,6,6,6,6,6,6,6,6,6,6,6,6,6,6,6,6,6,6,6,6,6,6,6,6,6,6
2023-03-21,202,6,6,6,6,6,6,6,6,6,6,6,6,6,6,6,6,6,6,6,6,6,6,6,6,6,6,6,6,6,6,6,6,6,6,6,6,6,6,6,6,6,6,6,6,6,6
2023-03-22,203,6,6,6,6,6,6,6,6,6,6,6,6,6,6,6,6,6,6,6,6,6,6,6,6,6,6,6,6,6,6,6,6,6,6,6,6,6,6,6,6,6,6,6,6,6,6
2023-03-23,204,6,6,6,6,6,6,6,6,6,6,6,6,6,6,6,6,6,6,6,6,6,6,6,6,6,6,6,6,6,6,6,6,6,6,6,6,6,6,6,6,6,6,6,6,6,6
2023-03-24,205,6,6,6,6,6,6,6,6,6,6,6,6,6,6,6,6,6,6,6,6,6,6,6,6,6,6,6,6,6,6,6,6,6,6,6,6,6,6,6,6,6,6,6,6,6,6
2023-03-25,206,6,6,6,6,6,6,6,6,6,6,6,6,6,6,6,6,6,6,6,6,6,6,6,6,6,6,6,6,6,6,6,6,6,6,6,6,6,6,6,6,6,6,6,6,6,6
2023-03-26,207,6,6,6,6,6,6,6,6,6,6,6,6,6,6,6,6,6,6,6,6,6,6,6,6,6,6,6,6,6,6,6,6,6,6,6,6,6,6,6,6,6,6,6,6,6,6
2023-03-27,208,6,6,6,6,6,6,6,6,6,6,6,6,6,6,6,6,6,6,6,6,6,6,6,6,6,6,6,6,6,6,6,6,6,6,6,6,6,6,6,6,6,6,6,6,6,6
2023-03-28,209,6,6,6,6,6,6,6,6,6,6,6,6,6,6,6,6,6,6,6,6,6,6,6,6,6,6,6,6,6,6,6,6,6,6,6,6,6,6,6,6,6,6,6,6,6,6
2023-03-29,210,6,6,6,6,6,6,6,6,6,6,6,6,6,6,6,6,6,6,6,6,6,6,6,6,6,6,6,6,6,6,6,6,6,6,6,6,6,6,6,6,6,6,6,6,6,6
2023-03-30,211,6,6,6,6,6,6,6,6,6,6,6,6,6,6,6,6,6,6,6,6,6,6,6,6,6,6,6,6,6,6,6,6,6,6,6,6,6,6,6,6,6,6,6,6,6,6
2023-03-31,212,25,25,6,6,6,6,6,6,6,6,6,6,6,6,6,6,6,6,6,6,6,6,6,6,6,6,6,6,6,6,6,6,6,6,6,6,6,6,6,6,6,6,6,6,6,6
2023-04-01,213,25,25,6,6,6,6,6,6,6,6,6,6,6,6,6,6,6,6,6,6,6,6,6,6,6,6,6,6,6,6,6,6,6,6,6,6,6,6,6,6,6,6,6,6,6,6
2023-04-02,214,25,25,6,6,6,6,6,6,6,6,6,6,6,6,6,6,6,6,6,6,6,6,6,6,6,6,6,6,6,6,6,6,6,6,6,6,6,6,6,6,6,6,6,6,6,6
2023-04-03,215,25,25,6,6,6,6,6,6,6,6,6,6,6,6,6,6,6,6,6,6,6,6,6,6,6,6,6,6,6,6,6,6,6,6,6,6,6,6,6,6,6,6,6,6,6,6
2023-04-04,216,25,25,6,6,6,6,6,6,6,6,6,6,6,6,6,6,6,6,6,6,6,6,6,6,6,6,6,6,6,6,6,6,6,6,6,6,6,6,6,6,6,6,6,6,6,6
2023-04-05,217,25,25,6,6,6,6,6,6,6,6,6,6,6,6,6,6,6,6,6,6,6,6,6,6,6,6,6,6,6,6,6,6,6,6,6,6,6,6,6,6,6,6,6,6,6,6
2023-04-06,218,25,25,25,25,25,25,25,25,25,25,25,25,25,25,25,25,25,25,25,25,25,25,25,25,25,25,25,25,25,25,25,25,25,25,25,25,25,25,25,25,25,25,25,25,25,25
2023-04-07,219,25,25,25,25,25,25,25,25,25,25,25,25,25,25,25,25,25,25,25,25,25,25,25,25,25,25,25,25,25,25,25,25,25,25,25,25,25,25,25,25,25,25,25,25,25,25
2023-04-08,220,25,25,25,25,25,25,25,25,25,25,25,25,25,25,25,25,25,25,25,25,25,25,25,25,25,25,25,25,25,25,25,25,25,25,25,25,25,25,25,25,25,25,25,25,25,25
2023-04-09,221,25,25,25,25,25,25,25,25,25,25,25,25,25,25,25,25,25,25,25,25,25,25,25,25,25,25,25,25,25,25,25,25,25,25,25,25,25,25,25,25,25,25,25,25,25,25
2023-04-10,222,25,25,25,25,25,25,25,25,25,25,25,25,25,25,25,25,25,25,25,25,25,25,25,25,25,25,25,25,25,25,25,25,25,25,25,25,25,25,25,25,25,25,25,25,25,25
2023-04-11,223,25,25,25,25,25,25,25,25,25,25,25,25,25,25,25,25,25,25,25,25,25,25,25,25,25,25,25,25,25,25,25,25,25,25,25,25,25,25,25,25,25,25,25,25,25,25
2023-04-12,224,25,25,25,25,25,25,25,25,25,25,25,25,25,25,25,25,25,25,25,25,25,25,25,25,25,25,25,25,25,25,25,25,25,25,25,25,25,25,25,25,25,25,25,25,25,25
2023-04-13,225,25,25,25,25,25,25,25,25,25,25,25,25,25,25,25,25,25,25,25,25,25,25,25,25,25,25,25,25,25,25,25,25,25,25,25,25,25,25,25,25,25,25,25,25,25,25
2023-04-14,226,25,25,25,25,25,25,25,25,25,25,25,25,25,25,25,25,25,25,25,25,25,25,25,25,25,25,25,25,25,25,25,25,25,25,25,25,25,25,25,25,25,25,25,25,25,25
2023-04-15,227,25,25,25,25,25,25,25,25,25,25,25,25,25,25,25,25,25,25,25,25,25,25,25,25,25,25,25,25,25,25,25,25,25,25,25,25,25,25,25,25,25,25,25,25,25,25
2023-04-16,228,25,25,25,25,25,25,25,25,25,25,25,25,25,25,25,25,25,25,25,25,25,25,25,25,25,25,25,25,25,25,25,25,25,25,25,25,25,25,25,25,25,25,25,25,25,25
2023-04-17,229,25,25,25,25,25,25,25,25,25,25,25,25,25,25,25,25,25,25,25,25,25,25,25,25,25,25,25,25,25,25,25,25,25,25,25,25,25,25,25,25,25,25,25,25,25,25
2023-04-18,230,25,25,25,25,25,25,25,25,25,25,25,25,25,25,25,25,25,25,25,25,25,25,25,25,25,25,25,25,25,25,25,25,25,25,25,25,25,25,25,25,25,25,25,25,25,25
2023-04-19,231,25,25,25,25,25,25,25,25,25,25,25,25,25,25,25,25,25,25,25,25,25,25,25,25,25,25,25,25,25,25,25,25,25,25,25,25,25,25,25,25,25,25,25,25,25,25
2023-04-20,232,25,25,25,25,25,25,25,25,25,25,25,25,25,25,25,25,25,25,25,25,25,25,25,25,25,25,25,25,25,25,25,25,25,25,25,25,25,25,25,25,25,25,25,25,25,25
2023-04-21,233,25,25,25,25,25,25,25,25,25,25,25,25,25,25,25,25,25,25,25,25,25,25,25,25,25,25,25,25,25,25,25,25,25,25,25,25,25,25,25,25,25,25,25,25,25,25
2023-04-22,234,25,25,25,25,25,25,25,25,25,25,25,25,25,25,25,25,25,25,25,25,25,25,25,25,25,25,25,25,25,25,25,25,25,25,25,25,25,25,25,25,25,25,25,25,25,25
2023-04-23,235,25,25,25,25,25,25,25,25,25,25,25,25,25,25,25,25,25,25,25,25,25,25,25,25,25,25,25,25,25,25,25,25,25,25,25,25,25,25,25,25,25,25,25,25,25,25
2023-04-24,236,25,25,25,25,25,25,25,25,25,25,25,25,25,25,25,25,25,25,25,25,25,25,25,25,25,25,25,25,25,25,25,25,25,25,25,25,25,25,25,25,25,25,25,25,25,25
2023-04-25,237,25,25,25,25,25,25,25,25,25,25,25,25,25,25,25,25,25,25,25,25,25,25,25,25,25,25,25,25,25,25,25,25,25,25,25,25,25,25,25,25,25,25,25,25,25,25
2023-04-26,238,25,25,25,25,25,25,25,25,25,25,25,25,25,25,25,25,25,25,25,25,25,25,25,25,25,25,25,25,25,25,25,25,25,25,25,25,25,25,25,25,25,25,25,25,25,25
2023-04-27,239,25,25,25,25,25,25,25,25,25,25,25,25,25,25,25,25,25,25,25,25,25,25,25,25,25,25,25,25,25,25,25,25,25,25,25,25,25,25,25,25,25,25,25,25,25,25
2023-04-28,240,25,25,25,25,25,25,25,25,25,25,25,25,25,25,25,25,25,25,25,25,25,25,25,25,25,25,25,25,25,25,25,25,25,25,25,25,25,25,25,25,25,25,25,25,25,25
2023-04-29,241,25,25,25,25,25,25,25,25,25,25,25,25,25,25,25,25,25,25,25,25,25,25,25,25,25,25,25,25,25,25,25,25,25,25,25,25,25,25,25,25,25,25,25,25,25,25
2023-04-30,242,25,25,25,25,25,25,25,25,25,25,25,25,25,25,25,25,25,25,25,25,25,25,25,25,25,25,25,25,25,25,25,25,25,25,25,25,25,25,25,25,25,25,25,25,25,25
2023-05-01,243,25,25,25,25,25,25,25,25,25,25,25,25,25,25,25,25,25,25,25,25,25,25,25,25,25,25,25,25,25,25,25,25,25,25,25,25,25,25,25,25,25,25,25,25,25,25
2023-05-02,244,25,25,25,25,25,25,25,25,25,25,25,25,25,25,25,25,25,25,25,25,25,25,25,25,25,25,25,25,25,25,25,25,25,25,25,25,25,25,25,25,25,25,25,25,25,25
2023-05-03,245,25,25,25,25,25,25,25,25,25,25,25,25,25,25,25,25,25,25,25,25,25,25,25,25,25,25,25,25,25,25,25,25,25,25,25,25,25,25,25,25,25,25,25,25,25,25
2023-05-04,246,25,25,25,25,25,25,25,25,25,25,25,25,25,25,25,25,25,25,25,25,25,25,25,25,25,25,25,25,25,25,25,25,25,25,25,25,25,25,25,25,25,25,25,25,25,25
2023-05-05,247,25,25,25,25,25,25,25,25,25,25,25,25,25,25,25,25,25,25,25,25,25,25,25,25,25,25,25,25,25,25,25,25,25,25,25,25,25,25,25,25,25,25,25,25,25,25
2023-05-06,248,25,25,25,25,25,25,25,25,25,25,25,25,25,25,25,25,25,25,25,25,25,25,25,25,25,25,25,25,25,25,25,25,25,25,25,25,25,25,25,25,25,25,25,25,25,25
2023-05-07,249,25,25,25,25,25,25,25,25,25,25,25,25,25,25,25,25,25,25,25,25,25,25,25,25,25,25,25,25,25,25,25,25,25,25,25,25,25,25,25,25,25,25,25,25,25,25
2023-05-08,250,25,25,25,25,25,25,25,25,25,25,25,25,25,25,25,25,25,25,25,25,25,25,25,25,25,25,25,25,25,25,25,25,25,25,25,25,25,25,25,25,25,25,25,25,25,25
2023-05-09,251,25,25,25,25,25,25,25,25,25,25,25,25,25,25,25,25,25,25,25,25,25,25,25,25,25,25,25,25,25,25,25,25,25,25,25,25,25,25,25,25,25,25,25,25,25,25
2023-05-10,252,25,25,25,25,25,25,25,25,25,25,25,25,25,25,25,25,25,25,25,25,25,25,25,25,25,25,25,25,25,25,25,25,25,25,25,25,25,25,25,25,25,25,25,25,25,25
2023-05-11,253,25,25,25,25,25,25,25,25,25,25,25,25,25,25,25,25,25,25,25,25,25,25,25,25,25,25,25,25,25,25,25,25,25,25,25,25,25,25,25,25,25,25,25,25,25,25
2023-05-12,254,25,25,25,25,25,25,25,25,25,25,25,25,25,25,25,25,25,25,25,25,25,25,25,25,25,25,25,25,25,25,25,25,25,25,25,25,25,25,25,25,25,25,25,25,25,25
2023-05-13,255,25,25,25,25,25,25,25,25,25,25,25,25,25,25,25,25,25,25,25,25,25,25,25,25,25,25,25,25,25,25,25,25,25,25,25,25,25,25,25,25,25,25,25,25,25,25
2023-05-14,256,25,25,25,25,25,25,25,25,25,25,25,25,25,25,25,25,25,25,25,25,25,25,25,25,25,25,25,25,25,25,25,25,25,25,25,25,25,25,25,25,25,25,25,25,25,25
2023-05-15,257,25,25,25,25,25,25,25,25,25,25,25,25,25,25,25,25,25,25,25,25,25,25,25,25,25,25,25,25,25,25,25,25,25,25,25,25,25,25,25,25,25,25,25,25,25,25
